dataset,hole_generator,ratio_masked,imputer,predictor,prediction_score_test_set_with_nan_mae,prediction_score_test_set_not_nan_mae,imputation_score_train_set_mae,imputation_score_train_set_KL_columnwise,imputation_score_test_set_mae,imputation_score_test_set_KL_columnwise,duration_prediction_fit,duration_prediction_transform,duration_imputation_fit,duration_imputation_transform_train,duration_imputation_transform_test
MiamiHousing2016,MCAR,0.1,ImputerDiffusion,HistGradientBoostingRegressor,0.2254505578443775,0.2103490125487615,2486.64381751449,4.690786774220725,4599.215099107375,8.944622467194687,35.7478369140625,0.5022619819641113,14.392240085601806,32.851042404174805,8.474525413513184
MiamiHousing2016,MCAR,0.1,ImputerDiffusion,Ridge,0.32537482322756217,0.3229629186046752,2486.64381751449,4.690786774220725,4599.215099107375,8.944622467194687,0.005464906692504883,0.0005252361297607422,14.392240085601806,32.851042404174805,8.474525413513184
MiamiHousing2016,MCAR,0.1,ImputerDiffusion,XGBRegressor,0.2367411123922425,0.2216719193747133,2486.64381751449,4.690786774220725,4599.215099107375,8.944622467194687,0.5063489532470703,0.00785390853881836,14.392240085601806,32.851042404174805,8.474525413513184
MiamiHousing2016,MCAR,0.1,ImputerEM,HistGradientBoostingRegressor,0.22480409691712538,0.20967488145852065,3603.808297847833,4.849821288896341,5204.342418561466,8.568914445027326,25.335353517532347,0.5094042873382568,148.7691932296753,0.13659236907958985,0.04006282806396484
MiamiHousing2016,MCAR,0.1,ImputerEM,Ridge,0.3118457915289062,0.3062121632670023,3603.808297847833,4.849821288896341,5204.342418561466,8.568914445027326,0.007012004852294922,0.0014195537567138672,148.7691932296753,0.13659236907958985,0.04006282806396484
MiamiHousing2016,MCAR,0.1,ImputerEM,XGBRegressor,0.23425743905264287,0.21953649824846885,3603.808297847833,4.849821288896341,5204.342418561466,8.568914445027326,0.6600504398345948,0.010547704696655273,148.7691932296753,0.13659236907958985,0.04006282806396484
MiamiHousing2016,MCAR,0.1,ImputerKNN,HistGradientBoostingRegressor,0.2171800915413357,0.21264667337654614,2026.190714041529,0.24406360031766255,1330.5541550042126,0.7699866889999036,23.347435779571533,0.3377452564239502,0.008421230316162109,8.659960174560547,0.5764175033569336
MiamiHousing2016,MCAR,0.1,ImputerKNN,Ridge,0.310256395854006,0.3073681213612762,2026.190714041529,0.24406360031766255,1330.5541550042126,0.7699866889999036,0.006463441848754883,0.0009984016418457032,0.008421230316162109,8.659960174560547,0.5764175033569336
MiamiHousing2016,MCAR,0.1,ImputerKNN,XGBRegressor,0.23021102280745545,0.2253922183488735,2026.190714041529,0.24406360031766255,1330.5541550042126,0.7699866889999036,0.7382455825805664,0.01089320182800293,0.008421230316162109,8.659960174560547,0.5764175033569336
MiamiHousing2016,MCAR,0.1,ImputerMICE,HistGradientBoostingRegressor,0.218799972457263,0.21503741052179856,972.754386480908,0.4254769692466321,908.3738525051089,0.6035758694569058,23.45219961166382,0.2436523914337158,532.7321975421905,675.2865696144104,510.1003067779541
MiamiHousing2016,MCAR,0.1,ImputerMICE,Ridge,0.3431736881012685,0.3402787729658198,972.754386480908,0.4254769692466321,908.3738525051089,0.6035758694569058,0.006967964172363281,0.001189289093017578,532.7321975421905,675.2865696144104,510.1003067779541
MiamiHousing2016,MCAR,0.1,ImputerMICE,XGBRegressor,0.2341044565516959,0.22948294462453384,972.754386480908,0.4254769692466321,908.3738525051089,0.6035758694569058,0.7359001541137695,0.009964456558227539,532.7321975421905,675.2865696144104,510.1003067779541
MiamiHousing2016,MCAR,0.1,ImputerMedian,HistGradientBoostingRegressor,0.24345882384187462,0.22611516412257487,6755.241511194677,23.867191182576224,7814.841099829788,25.574520277399028,33.92472796440124,0.5688516616821289,0.01677912712097168,0.0181282901763916,0.016618261337280272
MiamiHousing2016,MCAR,0.1,ImputerMedian,Ridge,0.28787735881714377,0.2690723950272526,6755.241511194677,23.867191182576224,7814.841099829788,25.574520277399028,0.004360408782958985,0.00041978836059570313,0.01677912712097168,0.0181282901763916,0.016618261337280272
MiamiHousing2016,MCAR,0.1,ImputerMedian,XGBRegressor,0.2547183359720167,0.23983325465284117,6755.241511194677,23.867191182576224,7814.841099829788,25.574520277399028,0.41811174392700196,0.00669931411743164,0.01677912712097168,0.0181282901763916,0.016618261337280272
MiamiHousing2016,MCAR,0.1,ImputerRPCA,HistGradientBoostingRegressor,0.22086827963754366,0.21494295455752188,1611.1955348120907,0.11174279501702415,1596.267687533188,0.2720719821417495,40.158203048706056,0.5034379768371582,0.006640539169311523,1647.2484319400787,86.69502825737
MiamiHousing2016,MCAR,0.1,ImputerRPCA,Ridge,0.3397210113127944,0.3351947738084635,1611.1955348120907,0.11174279501702415,1596.267687533188,0.2720719821417495,0.005561113357543945,0.0004071521759033203,0.006640539169311523,1647.2484319400787,86.69502825737
MiamiHousing2016,MCAR,0.1,ImputerRPCA,XGBRegressor,0.23963854518109692,0.2324243832758361,1611.1955348120907,0.11174279501702415,1596.267687533188,0.2720719821417495,0.49529767990112306,0.00708343505859375,0.006640539169311523,1647.2484319400787,86.69502825737
MiamiHousing2016,MCAR,0.1,ImputerShuffle,HistGradientBoostingRegressor,0.24610636157430033,0.22917058696701784,9500.874965268473,0.033545929321343156,6503.66296197627,0.1716168503753373,34.28667024612427,0.7420206642150879,0.010552129745483398,0.061061887741088866,0.05757171630859375
MiamiHousing2016,MCAR,0.1,ImputerShuffle,Ridge,0.28994341531693935,0.2679513400696843,9500.874965268473,0.033545929321343156,6503.66296197627,0.1716168503753373,0.0038416004180908203,0.0003909587860107422,0.010552129745483398,0.061061887741088866,0.05757171630859375
MiamiHousing2016,MCAR,0.1,ImputerShuffle,XGBRegressor,0.26309154718949046,0.24613458058875615,9500.874965268473,0.033545929321343156,6503.66296197627,0.1716168503753373,0.4837595844268799,0.006645545959472656,0.010552129745483398,0.061061887741088866,0.05757171630859375
MiamiHousing2016,MCAR,0.1,None,HistGradientBoostingRegressor,0.2424550068523093,0.22544770588627575,,,,,51.823605117797854,0.7082704067230224,,,
MiamiHousing2016,MCAR,0.1,None,Ridge,,,,,,,,,,,
MiamiHousing2016,MCAR,0.1,None,XGBRegressor,0.25687684830557794,0.2415894480611901,,,,,0.7919796276092529,0.011364002227783204,,,
MiamiHousing2016,MCAR,0.3,ImputerDiffusion,HistGradientBoostingRegressor,0.2679822863405473,0.22186882697092652,3707.6876244151545,5.554544903711458,5570.527678977107,9.120821460685073,27.086694192886352,0.5212603187561036,16.098103876113893,37.23477663993835,9.404583625793457
MiamiHousing2016,MCAR,0.3,ImputerDiffusion,Ridge,0.31635701075902906,0.28988608460129905,3707.6876244151545,5.554544903711458,5570.527678977107,9.120821460685073,0.006762762069702149,0.0006357192993164063,16.098103876113893,37.23477663993835,9.404583625793457
MiamiHousing2016,MCAR,0.3,ImputerDiffusion,XGBRegressor,0.2813005867621186,0.24144883159500233,3707.6876244151545,5.554544903711458,5570.527678977107,9.120821460685073,0.6292925643920898,0.00868433952331543,16.098103876113893,37.23477663993835,9.404583625793457
MiamiHousing2016,MCAR,0.3,ImputerEM,HistGradientBoostingRegressor,0.2700094876183617,0.21959745321991517,4895.586865095023,6.4510182116435795,6541.995802792541,10.14090766077111,25.949967603683472,0.10954219818115235,179.50167330741883,0.20487248420715332,0.06555171012878418
MiamiHousing2016,MCAR,0.3,ImputerEM,Ridge,0.3187093508024894,0.2722339718413178,4895.586865095023,6.4510182116435795,6541.995802792541,10.14090766077111,0.006474552154541016,0.0007453060150146484,179.50167330741883,0.20487248420715332,0.06555171012878418
MiamiHousing2016,MCAR,0.3,ImputerEM,XGBRegressor,0.28405792390809637,0.24396805414533698,4895.586865095023,6.4510182116435795,6541.995802792541,10.14090766077111,1.0368204879760743,0.014204950332641601,179.50167330741883,0.20487248420715332,0.06555171012878418
MiamiHousing2016,MCAR,0.3,ImputerKNN,HistGradientBoostingRegressor,0.2703225153737428,0.22743830562235565,7356.967943467624,0.3217366979592838,4831.489822364258,0.5934582559170586,25.338701457977294,0.2129470920562744,0.00755162239074707,15.02121934890747,0.9520669174194336
MiamiHousing2016,MCAR,0.3,ImputerKNN,Ridge,0.3156580792119181,0.27470879751983296,7356.967943467624,0.3217366979592838,4831.489822364258,0.5934582559170586,0.00869309425354004,0.0007967758178710938,0.00755162239074707,15.02121934890747,0.9520669174194336
MiamiHousing2016,MCAR,0.3,ImputerKNN,XGBRegressor,0.29280423262082844,0.24734431709760563,7356.967943467624,0.3217366979592838,4831.489822364258,0.5934582559170586,0.8455723857879639,0.010956592559814453,0.00755162239074707,15.02121934890747,0.9520669174194336
MiamiHousing2016,MCAR,0.3,ImputerMICE,HistGradientBoostingRegressor,0.23468647062832243,0.2199372456362118,1397.5272153084416,0.2256760289261562,1168.3201830963912,0.24068666566213967,26.59757453918457,0.2049564838409424,653.7912911128998,742.4278066730499,508.8050349903107
MiamiHousing2016,MCAR,0.3,ImputerMICE,Ridge,0.3470834458498257,0.3373965932504129,1397.5272153084416,0.2256760289261562,1168.3201830963912,0.24068666566213967,0.009505023956298828,0.0012604427337646485,653.7912911128998,742.4278066730499,508.8050349903107
MiamiHousing2016,MCAR,0.3,ImputerMICE,XGBRegressor,0.256627455859805,0.24052764902539278,1397.5272153084416,0.2256760289261562,1168.3201830963912,0.24068666566213967,0.7274094295501708,0.010013647079467773,653.7912911128998,742.4278066730499,508.8050349903107
MiamiHousing2016,MCAR,0.3,ImputerMedian,HistGradientBoostingRegressor,0.28690376024130204,0.2377578823843805,6739.261789588949,23.759458762997056,7848.919984472047,25.19376842911184,58.55916404724121,0.47886305809020996,0.019031505584716796,0.02039316177368164,0.018373489379882812
MiamiHousing2016,MCAR,0.3,ImputerMedian,Ridge,0.3291546301166992,0.28167886074477205,6739.261789588949,23.759458762997056,7848.919984472047,25.19376842911184,0.008646039962768555,0.0007537174224853516,0.019031505584716796,0.02039316177368164,0.018373489379882812
MiamiHousing2016,MCAR,0.3,ImputerMedian,XGBRegressor,0.29566027072453893,0.26046387182149205,6739.261789588949,23.759458762997056,7848.919984472047,25.19376842911184,0.5243176651000977,0.010188150405883788,0.019031505584716796,0.02039316177368164,0.018373489379882812
MiamiHousing2016,MCAR,0.3,ImputerRPCA,HistGradientBoostingRegressor,0.23369245275034983,0.21544216730108162,1621.3645475313888,0.0814097152730227,1624.0098381139794,0.1441513689668999,39.204247903823855,0.6591771221160889,0.0066563129425048825,1663.0700929641723,98.26532061576843
MiamiHousing2016,MCAR,0.3,ImputerRPCA,Ridge,0.34231461035243604,0.3288333894657983,1621.3645475313888,0.0814097152730227,1624.0098381139794,0.1441513689668999,0.00772709846496582,0.0009386825561523437,0.0066563129425048825,1663.0700929641723,98.26532061576843
MiamiHousing2016,MCAR,0.3,ImputerRPCA,XGBRegressor,0.25432061026897584,0.23585581967406036,1621.3645475313888,0.0814097152730227,1624.0098381139794,0.1441513689668999,0.6033745765686035,0.008385238647460937,0.0066563129425048825,1663.0700929641723,98.26532061576843
MiamiHousing2016,MCAR,0.3,ImputerShuffle,HistGradientBoostingRegressor,0.2811070427372874,0.23227768736321694,9513.10817715995,0.009332214462505926,6570.750878304712,0.052339601014700726,45.8891205406189,0.5342711067199707,0.014644603729248046,0.08647945404052734,0.07697601318359375
MiamiHousing2016,MCAR,0.3,ImputerShuffle,Ridge,0.34657702948136626,0.2926101174764485,9513.10817715995,0.009332214462505926,6570.750878304712,0.052339601014700726,0.007493648529052734,0.0011517524719238282,0.014644603729248046,0.08647945404052734,0.07697601318359375
MiamiHousing2016,MCAR,0.3,ImputerShuffle,XGBRegressor,0.30258560192155604,0.25390211182197253,9513.10817715995,0.009332214462505926,6570.750878304712,0.052339601014700726,0.6760815811157227,0.008467893600463867,0.014644603729248046,0.08647945404052734,0.07697601318359375
MiamiHousing2016,MCAR,0.3,None,HistGradientBoostingRegressor,0.28419235717294605,0.23691022997183747,,,,,61.62741411209107,0.5363665962219238,,,
MiamiHousing2016,MCAR,0.3,None,Ridge,,,,,,,,,,,
MiamiHousing2016,MCAR,0.3,None,XGBRegressor,0.293907925080712,0.2606761943552724,,,,,0.9532480049133301,0.018316001892089845,,,
MiamiHousing2016,MCAR,0.5,ImputerDiffusion,HistGradientBoostingRegressor,0.31886953770219706,0.23257929211115408,4942.914741784971,6.937206930598128,6485.342823407489,10.41768103055798,82.10078993797302,0.756131477355957,14.444515323638916,34.12517827987671,8.73751353263855
MiamiHousing2016,MCAR,0.5,ImputerDiffusion,Ridge,0.3503081020799903,0.2883052863783614,4942.914741784971,6.937206930598128,6485.342823407489,10.41768103055798,0.00602926254272461,0.0005861091613769532,14.444515323638916,34.12517827987671,8.73751353263855
MiamiHousing2016,MCAR,0.5,ImputerDiffusion,XGBRegressor,0.33895912644997206,0.2774389918681484,4942.914741784971,6.937206930598128,6485.342823407489,10.41768103055798,0.6136352348327637,0.008339004516601562,14.444515323638916,34.12517827987671,8.73751353263855
MiamiHousing2016,MCAR,0.5,ImputerEM,HistGradientBoostingRegressor,0.32280893863078647,0.23731152706259692,5873.2182173236715,10.650636023813899,7171.380321457223,14.448726084667364,29.80629574775696,0.2884152889251709,177.5755405330658,0.26772050857543944,0.07202649116516113
MiamiHousing2016,MCAR,0.5,ImputerEM,Ridge,0.3623264951861489,0.28229409130331823,5873.2182173236715,10.650636023813899,7171.380321457223,14.448726084667364,0.008145303726196288,0.001499185562133789,177.5755405330658,0.26772050857543944,0.07202649116516113
MiamiHousing2016,MCAR,0.5,ImputerEM,XGBRegressor,0.3451571844331678,0.2871533351711319,5873.2182173236715,10.650636023813899,7171.380321457223,14.448726084667364,0.8308737373352051,0.010648584365844727,177.5755405330658,0.26772050857543944,0.07202649116516113
MiamiHousing2016,MCAR,0.5,ImputerKNN,HistGradientBoostingRegressor,0.3075487479893922,0.2378222592282377,6962.845835790197,0.278976527926094,4622.232900519231,0.2931238822112912,60.188262166976926,0.41728800773620606,0.00809706687927246,21.49650475502014,1.2493614196777343
MiamiHousing2016,MCAR,0.5,ImputerKNN,Ridge,0.3431136569184456,0.28243284626381276,6962.845835790197,0.278976527926094,4622.232900519231,0.2931238822112912,0.007282190322875977,0.0007586479187011719,0.00809706687927246,21.49650475502014,1.2493614196777343
MiamiHousing2016,MCAR,0.5,ImputerKNN,XGBRegressor,0.341942823001219,0.2798431963841106,6962.845835790197,0.278976527926094,4622.232900519231,0.2931238822112912,0.79995849609375,0.009322519302368165,0.00809706687927246,21.49650475502014,1.2493614196777343
MiamiHousing2016,MCAR,0.5,ImputerMICE,HistGradientBoostingRegressor,0.2657551011984189,0.22861558787439545,2403.6589318064102,0.12360614113970979,1741.3361289635418,0.1749575474535422,35.277825374603275,0.4842097282409668,711.9936724948883,820.0653646183014,559.4207346820831
MiamiHousing2016,MCAR,0.5,ImputerMICE,Ridge,0.35599720440767013,0.33371927341175917,2403.6589318064102,0.12360614113970979,1741.3361289635418,0.1749575474535422,0.010728759765625,0.0009298515319824219,711.9936724948883,820.0653646183014,559.4207346820831
MiamiHousing2016,MCAR,0.5,ImputerMICE,XGBRegressor,0.30385112556118915,0.26786161743114345,2403.6589318064102,0.12360614113970979,1741.3361289635418,0.1749575474535422,0.7424599361419678,0.011872129440307617,711.9936724948883,820.0653646183014,559.4207346820831
MiamiHousing2016,MCAR,0.5,ImputerMedian,HistGradientBoostingRegressor,0.33277030847197586,0.25459308850480633,6746.31230980349,23.666502343962915,7798.878120689191,25.111335241663113,59.71304494857788,0.6772368621826171,0.019478788375854494,0.020884590148925783,0.01846173286437988
MiamiHousing2016,MCAR,0.5,ImputerMedian,Ridge,0.37073851737156027,0.3137339824594029,6746.31230980349,23.666502343962915,7798.878120689191,25.111335241663113,0.006966056823730468,0.0008720207214355469,0.019478788375854494,0.020884590148925783,0.01846173286437988
MiamiHousing2016,MCAR,0.5,ImputerMedian,XGBRegressor,0.3462633931487379,0.310004405571678,6746.31230980349,23.666502343962915,7798.878120689191,25.111335241663113,0.4139766502380371,0.009430036544799805,0.019478788375854494,0.020884590148925783,0.01846173286437988
MiamiHousing2016,MCAR,0.5,ImputerRPCA,HistGradientBoostingRegressor,0.25796775839848995,0.22597691388427932,1657.971454133046,0.07130947970629475,1658.5274263612469,0.10634822584812154,35.00042393684387,0.7366410160064697,0.005170631408691406,1591.2361007690429,90.61850804328918
MiamiHousing2016,MCAR,0.5,ImputerRPCA,Ridge,0.35782934707340913,0.3321856030714947,1657.971454133046,0.07130947970629475,1658.5274263612469,0.10634822584812154,0.006373167037963867,0.0007575321197509766,0.005170631408691406,1591.2361007690429,90.61850804328918
MiamiHousing2016,MCAR,0.5,ImputerRPCA,XGBRegressor,0.2788376685760406,0.248220985334716,1657.971454133046,0.07130947970629475,1658.5274263612469,0.10634822584812154,0.5161992168426514,0.007425632476806641,0.005170631408691406,1591.2361007690429,90.61850804328918
MiamiHousing2016,MCAR,0.5,ImputerShuffle,HistGradientBoostingRegressor,0.3244574134394231,0.23972621793485818,9495.06934295679,0.006668254988550828,6544.659244602906,0.03366444134203659,26.983608951568602,0.4575321006774902,0.013900775909423829,0.08042757034301758,0.08368669509887695
MiamiHousing2016,MCAR,0.5,ImputerShuffle,Ridge,0.3961159076202335,0.32488033418562184,9495.06934295679,0.006668254988550828,6544.659244602906,0.03366444134203659,0.0064137840270996095,0.0008095645904541015,0.013900775909423829,0.08042757034301758,0.08368669509887695
MiamiHousing2016,MCAR,0.5,ImputerShuffle,XGBRegressor,0.34980512221706944,0.2769294892011275,9495.06934295679,0.006668254988550828,6544.659244602906,0.03366444134203659,0.7386333751678467,0.009548053741455079,0.013900775909423829,0.08042757034301758,0.08368669509887695
MiamiHousing2016,MCAR,0.5,None,HistGradientBoostingRegressor,0.32975453542918054,0.24867479236107745,,,,,49.56708119392395,0.6608827304840088,,,
MiamiHousing2016,MCAR,0.5,None,Ridge,,,,,,,,,,,
MiamiHousing2016,MCAR,0.5,None,XGBRegressor,0.3446313307346808,0.3030496593850531,,,,,0.9073251342773437,0.018460445404052735,,,
MiamiHousing2016,MCAR,0.7,ImputerDiffusion,HistGradientBoostingRegressor,0.3831728754745297,0.26432168208615675,6066.667997794784,8.766882944695237,7280.649177536511,12.127189971073351,41.97900189399719,0.7371247005462647,13.25540638923645,30.902373790740967,7.887079792022705
MiamiHousing2016,MCAR,0.7,ImputerDiffusion,Ridge,0.39975434356089634,0.3080823960962507,6066.667997794784,8.766882944695237,7280.649177536511,12.127189971073351,0.005054988861083984,0.0005075263977050781,13.25540638923645,30.902373790740967,7.887079792022705
MiamiHousing2016,MCAR,0.7,ImputerDiffusion,XGBRegressor,0.4045518516470994,0.3574544907306947,6066.667997794784,8.766882944695237,7280.649177536511,12.127189971073351,0.510053014755249,0.006709775924682617,13.25540638923645,30.902373790740967,7.887079792022705
MiamiHousing2016,MCAR,0.7,ImputerEM,HistGradientBoostingRegressor,0.38345675377246424,0.2649220588409574,6668.472243668194,16.280558110774358,7785.363612372198,19.464673976948514,32.38044376373291,0.3012725830078125,166.25071997642516,0.21995342254638672,0.062164230346679686
MiamiHousing2016,MCAR,0.7,ImputerEM,Ridge,0.4063948137138321,0.3289468216723531,6668.472243668194,16.280558110774358,7785.363612372198,19.464673976948514,0.00609109878540039,0.0006764507293701171,166.25071997642516,0.21995342254638672,0.062164230346679686
MiamiHousing2016,MCAR,0.7,ImputerEM,XGBRegressor,0.40762081864383554,0.36231787856372416,6668.472243668194,16.280558110774358,7785.363612372198,19.464673976948514,0.8441264343261718,0.010775938034057617,166.25071997642516,0.21995342254638672,0.062164230346679686
MiamiHousing2016,MCAR,0.7,ImputerKNN,HistGradientBoostingRegressor,0.3470906777388814,0.258712664444158,6774.842245787652,0.31244291261968354,4541.121622486687,0.330094001381694,23.171851444244385,0.2113065814971924,0.008714561462402343,27.620757026672365,1.7722343063354493
MiamiHousing2016,MCAR,0.7,ImputerKNN,Ridge,0.3681843272868202,0.2936523651728285,6774.842245787652,0.31244291261968354,4541.121622486687,0.330094001381694,0.008028945922851562,0.001541290283203125,0.008714561462402343,27.620757026672365,1.7722343063354493
MiamiHousing2016,MCAR,0.7,ImputerKNN,XGBRegressor,0.3891026391225868,0.3198290938952284,6774.842245787652,0.31244291261968354,4541.121622486687,0.330094001381694,0.9188794231414795,0.011223363876342773,0.008714561462402343,27.620757026672365,1.7722343063354493
MiamiHousing2016,MCAR,0.7,ImputerMICE,HistGradientBoostingRegressor,0.32182414773908946,0.24016219431586783,4448.274592369987,0.06718067968437708,3031.028435679449,0.14065320533316394,28.181028776168823,0.2970259666442871,633.5742540740966,765.6141315937042,559.7005595779419
MiamiHousing2016,MCAR,0.7,ImputerMICE,Ridge,0.3754128546550097,0.3333304277324033,4448.274592369987,0.06718067968437708,3031.028435679449,0.14065320533316394,0.007927665710449219,0.0009729480743408203,633.5742540740966,765.6141315937042,559.7005595779419
MiamiHousing2016,MCAR,0.7,ImputerMICE,XGBRegressor,0.3741118658286671,0.30630805000164496,4448.274592369987,0.06718067968437708,3031.028435679449,0.14065320533316394,0.8801000213623047,0.01120504379272461,633.5742540740966,765.6141315937042,559.7005595779419
MiamiHousing2016,MCAR,0.7,ImputerMedian,HistGradientBoostingRegressor,0.3901620773908657,0.26906337295760097,6744.713728847772,23.610436704993955,7845.258203566856,25.012569431537568,41.78203591346741,0.6378187274932862,0.017231903076171874,0.018578786849975586,0.01646535873413086
MiamiHousing2016,MCAR,0.7,ImputerMedian,Ridge,0.40764135747777,0.36167259662358175,6744.713728847772,23.610436704993955,7845.258203566856,25.012569431537568,0.005888156890869141,0.0004931068420410156,0.017231903076171874,0.018578786849975586,0.01646535873413086
MiamiHousing2016,MCAR,0.7,ImputerMedian,XGBRegressor,0.40129659453337874,0.401578293888604,6744.713728847772,23.610436704993955,7845.258203566856,25.012569431537568,0.24960594177246093,0.0076665782928466795,0.017231903076171874,0.018578786849975586,0.01646535873413086
MiamiHousing2016,MCAR,0.7,ImputerRPCA,HistGradientBoostingRegressor,0.2795560449127791,0.23528809357083943,1714.2066552992003,0.06735349794177548,1720.3162658143772,0.10504373018201602,32.77252700805664,0.6307491302490235,0.006396780014038086,1628.2482187747955,85.86808871269226
MiamiHousing2016,MCAR,0.7,ImputerRPCA,Ridge,0.36698993126676355,0.33246585048202104,1714.2066552992003,0.06735349794177548,1720.3162658143772,0.10504373018201602,0.006663761138916016,0.001001462936401367,0.006396780014038086,1628.2482187747955,85.86808871269226
MiamiHousing2016,MCAR,0.7,ImputerRPCA,XGBRegressor,0.3080816026759993,0.2713677093867768,1714.2066552992003,0.06735349794177548,1720.3162658143772,0.10504373018201602,0.4540170478820801,0.006536493301391602,0.006396780014038086,1628.2482187747955,85.86808871269226
MiamiHousing2016,MCAR,0.7,ImputerShuffle,HistGradientBoostingRegressor,0.3747795636988808,0.26492212139345983,9509.406250545397,0.00714954666989025,6530.057761888674,0.04014765107988584,58.73784328460693,0.5511233043670655,0.012856407165527344,0.07413248062133788,0.069879789352417
MiamiHousing2016,MCAR,0.7,ImputerShuffle,Ridge,0.4283974613226351,0.36341470966457023,9509.406250545397,0.00714954666989025,6530.057761888674,0.04014765107988584,0.005213708877563477,0.0006573009490966797,0.012856407165527344,0.07413248062133788,0.069879789352417
MiamiHousing2016,MCAR,0.7,ImputerShuffle,XGBRegressor,0.4132893676296511,0.32448360138692167,9509.406250545397,0.00714954666989025,6530.057761888674,0.04014765107988584,0.6310788822174073,0.007222518920898437,0.012856407165527344,0.07413248062133788,0.069879789352417
MiamiHousing2016,MCAR,0.7,None,HistGradientBoostingRegressor,0.389371458152626,0.2671233890803579,,,,,35.098022565841674,0.6806132030487061,,,
MiamiHousing2016,MCAR,0.7,None,Ridge,,,,,,,,,,,
MiamiHousing2016,MCAR,0.7,None,XGBRegressor,0.4036025450398085,0.3947517406893133,,,,,0.6648544311523438,0.013488140106201172,,,
MiamiHousing2016,None,0.0,None,HistGradientBoostingRegressor,0.21385294708324576,0.21385294708324576,,,,,33.78978238105774,0.2831902980804443,,,
MiamiHousing2016,None,0.0,None,Ridge,0.3417932964064093,0.3417932964064093,,,,,0.010188102722167969,0.0005280494689941407,,,
MiamiHousing2016,None,0.0,None,XGBRegressor,0.22788338917017006,0.22788338917017006,,,,,0.42303643226623533,0.009629917144775391,,,
elevators,MCAR,0.1,ImputerDiffusion,HistGradientBoostingRegressor,0.0020323832908418775,0.001806428659659979,14.823380282646806,3.9725882823749465,14.982171424379347,4.947224372147766,20.959628973007202,0.23015504837036133,23.017161445617674,50.60593364715576,14.23483715057373
elevators,MCAR,0.1,ImputerDiffusion,Ridge,0.002306275537209804,0.0020274009566208424,14.823380282646806,3.9725882823749465,14.982171424379347,4.947224372147766,0.008746480941772461,0.0008165359497070313,23.017161445617674,50.60593364715576,14.23483715057373
elevators,MCAR,0.1,ImputerDiffusion,XGBRegressor,0.0020927022973881164,0.0018287471954334306,14.823380282646806,3.9725882823749465,14.982171424379347,4.947224372147766,0.5965887546539307,0.011758565902709961,23.017161445617674,50.60593364715576,14.23483715057373
elevators,MCAR,0.1,ImputerEM,HistGradientBoostingRegressor,0.002032620023755283,0.001805284262338773,14.244699621155926,1.1935010903009526,14.258862831141876,2.105446826308584,0.5414205360412597,0.011759967803955078,116.06520825386048,0.09732807159423829,0.03274995803833008
elevators,MCAR,0.1,ImputerEM,Ridge,0.002272587966587245,0.0020048327045259907,14.244699621155926,1.1935010903009526,14.258862831141876,2.105446826308584,0.0040757179260253905,0.00031151771545410154,116.06520825386048,0.09732807159423829,0.03274995803833008
elevators,MCAR,0.1,ImputerEM,XGBRegressor,0.002090551676186497,0.0018375847538942775,14.244699621155926,1.1935010903009526,14.258862831141876,2.105446826308584,0.2797315311431885,0.007183914184570313,116.06520825386048,0.09732807159423829,0.03274995803833008
elevators,MCAR,0.1,ImputerKNN,HistGradientBoostingRegressor,0.0022714588006856095,0.0018970537348195471,16.93941867137605,2.0778579731186677,17.048093434687924,4.220812096266098,52.749176826477054,0.546773099899292,0.0065648555755615234,12.957059497833251,0.8297761821746826
elevators,MCAR,0.1,ImputerKNN,Ridge,0.0027844373135342136,0.0021596353128506525,16.93941867137605,2.0778579731186677,17.048093434687924,4.220812096266098,0.006021642684936523,0.0008086585998535157,0.0065648555755615234,12.957059497833251,0.8297761821746826
elevators,MCAR,0.1,ImputerKNN,XGBRegressor,0.0023432715967175864,0.0018959613301924652,16.93941867137605,2.0778579731186677,17.048093434687924,4.220812096266098,0.4190472412109375,0.01039973258972168,0.0065648555755615234,12.957059497833251,0.8297761821746826
elevators,MCAR,0.1,ImputerMICE,HistGradientBoostingRegressor,0.001974308737612266,0.00177846163519079,13.62147395154203,0.744624702780402,14.121930142160409,2.015852047992126,54.31544902801514,0.5651871681213378,457.0156171417236,407.28300580024717,266.33468936920167
elevators,MCAR,0.1,ImputerMICE,Ridge,0.002193354862311487,0.0019927070244656012,13.62147395154203,0.744624702780402,14.121930142160409,2.015852047992126,0.006457185745239258,0.0009466743469238281,457.0156171417236,407.28300580024717,266.33468936920167
elevators,MCAR,0.1,ImputerMICE,XGBRegressor,0.0020769669942112393,0.0018115484727223294,13.62147395154203,0.744624702780402,14.121930142160409,2.015852047992126,0.4285915374755859,0.01078601837158203,457.0156171417236,407.28300580024717,266.33468936920167
elevators,MCAR,0.1,ImputerMedian,HistGradientBoostingRegressor,0.0021608398317906163,0.0018762347848947658,15.956959320783133,27.355138532728347,16.105824266566266,28.096891110172535,24.515949687957765,0.18346229553222657,0.03543862342834472,0.03755258560180664,0.03419313430786133
elevators,MCAR,0.1,ImputerMedian,Ridge,0.00280008872484791,0.002212374615236365,15.956959320783133,27.355138532728347,16.105824266566266,28.096891110172535,0.0075887107849121095,0.0008980369567871093,0.03543862342834472,0.03755258560180664,0.03419313430786133
elevators,MCAR,0.1,ImputerMedian,XGBRegressor,0.0022149830410821943,0.0018986903519293747,15.956959320783133,27.355138532728347,16.105824266566266,28.096891110172535,0.5092727088928223,0.011559257507324219,0.03543862342834472,0.03755258560180664,0.03419313430786133
elevators,MCAR,0.1,ImputerRPCA,HistGradientBoostingRegressor,0.0019523840331136305,0.0018153977523248216,9.297468628322962,0.2840118085115156,9.37865581200978,0.769188966163346,36.9222144985199,0.4134543037414551,0.00548975944519043,2471.183313674927,133.95866870880127
elevators,MCAR,0.1,ImputerRPCA,Ridge,0.002268097191294229,0.0020320148534730903,9.297468628322962,0.2840118085115156,9.37865581200978,0.769188966163346,0.007279043197631836,0.0012613868713378907,0.00548975944519043,2471.183313674927,133.95866870880127
elevators,MCAR,0.1,ImputerRPCA,XGBRegressor,0.002005398199258553,0.0018298033287118564,9.297468628322962,0.2840118085115156,9.37865581200978,0.769188966163346,0.5562568092346192,0.010772943496704102,0.00548975944519043,2471.183313674927,133.95866870880127
elevators,MCAR,0.1,ImputerShuffle,HistGradientBoostingRegressor,0.0022943769586313925,0.001940167520981538,22.495939665662647,0.05257995327794136,22.68153849698795,0.2543340312716096,13.410569295883178,0.1864797878265381,0.019085254669189453,0.1296838092803955,0.10769156455993652
elevators,MCAR,0.1,ImputerShuffle,Ridge,0.0031019890708891434,0.0025148371784659627,22.495939665662647,0.05257995327794136,22.68153849698795,0.2543340312716096,0.008098115921020508,0.0011049365997314452,0.019085254669189453,0.1296838092803955,0.10769156455993652
elevators,MCAR,0.1,ImputerShuffle,XGBRegressor,0.0023484673774101625,0.0019145580410891742,22.495939665662647,0.05257995327794136,22.68153849698795,0.2543340312716096,0.552587537765503,0.012829856872558594,0.019085254669189453,0.1296838092803955,0.10769156455993652
elevators,MCAR,0.1,None,HistGradientBoostingRegressor,0.0021242729521533566,0.001835412090452038,,,,,13.625101900100708,0.25611515998840334,,,
elevators,MCAR,0.1,None,Ridge,,,,,,,,,,,
elevators,MCAR,0.1,None,XGBRegressor,0.0021780683314179977,0.001852773473285184,,,,,0.8070328521728516,0.020575532913208006,,,
elevators,MCAR,0.3,ImputerDiffusion,HistGradientBoostingRegressor,0.002581860789067318,0.002035770047291289,15.328746743325945,4.407417018176407,15.3834320276569,5.185742977761274,40.10886974334717,0.40375208854675293,21.615932292938233,49.26259574890137,14.059529399871826
elevators,MCAR,0.3,ImputerDiffusion,Ridge,0.0028633170415301532,0.0022116023766963074,15.328746743325945,4.407417018176407,15.3834320276569,5.185742977761274,0.00976806640625,0.0016924285888671876,21.615932292938233,49.26259574890137,14.059529399871826
elevators,MCAR,0.3,ImputerDiffusion,XGBRegressor,0.0026978887426664954,0.002109872046096039,15.328746743325945,4.407417018176407,15.3834320276569,5.185742977761274,0.735287446975708,0.014260807037353516,21.615932292938233,49.26259574890137,14.059529399871826
elevators,MCAR,0.3,ImputerEM,HistGradientBoostingRegressor,0.002579728051431599,0.002020923852394928,14.97083457429964,2.3681657177178708,15.083372037980396,3.3615697918600467,0.5109278106689453,0.011023883819580077,125.8135039806366,0.1663641357421875,0.05123288154602051
elevators,MCAR,0.3,ImputerEM,Ridge,0.0028930434221664646,0.0020742126317004703,14.97083457429964,2.3681657177178708,15.083372037980396,3.3615697918600467,0.0038667392730712892,0.00030180931091308596,125.8135039806366,0.1663641357421875,0.05123288154602051
elevators,MCAR,0.3,ImputerEM,XGBRegressor,0.002690069106201114,0.002107036659839933,14.97083457429964,2.3681657177178708,15.083372037980396,3.3615697918600467,0.348477144241333,0.007198257446289063,125.8135039806366,0.1663641357421875,0.05123288154602051
elevators,MCAR,0.3,ImputerKNN,HistGradientBoostingRegressor,0.0030036753560919753,0.002242701926514044,18.621441126519706,0.41565789756005833,18.918124631958797,0.9201089368524705,76.3219593334198,0.5485089111328125,0.006777734756469727,24.29100845336914,1.3895343399047853
elevators,MCAR,0.3,ImputerKNN,Ridge,0.00345828459425579,0.0027219654110199696,18.621441126519706,0.41565789756005833,18.918124631958797,0.9201089368524705,0.006317567825317383,0.0008219051361083985,0.006777734756469727,24.29100845336914,1.3895343399047853
elevators,MCAR,0.3,ImputerKNN,XGBRegressor,0.0031517978779894147,0.002274693760816476,18.621441126519706,0.41565789756005833,18.918124631958797,0.9201089368524705,0.5032994270324707,0.01085240364074707,0.006777734756469727,24.29100845336914,1.3895343399047853
elevators,MCAR,0.3,ImputerMICE,HistGradientBoostingRegressor,0.002520525197750659,0.0019736348088816823,14.712305968262319,0.7782280612835301,15.23042599491262,1.6164096253965425,80.99913940429687,0.3355538749694824,557.6269394874573,511.89245898246764,313.3087637901306
elevators,MCAR,0.3,ImputerMICE,Ridge,0.002605850446996485,0.001990254322499431,14.712305968262319,0.7782280612835301,15.23042599491262,1.6164096253965425,0.007558088302612304,0.0009012889862060547,557.6269394874573,511.89245898246764,313.3087637901306
elevators,MCAR,0.3,ImputerMICE,XGBRegressor,0.002696908165909536,0.002023431181139628,14.712305968262319,0.7782280612835301,15.23042599491262,1.6164096253965425,0.4749176120758057,0.00981776237487793,557.6269394874573,511.89245898246764,313.3087637901306
elevators,MCAR,0.3,ImputerMedian,HistGradientBoostingRegressor,0.0027082186759409595,0.0021706425964104128,15.998906516440764,26.83336435298135,16.033050288654618,27.62685881171296,11.41068462371826,0.17602654457092284,0.035438251495361325,0.039674510955810545,0.028401594161987304
elevators,MCAR,0.3,ImputerMedian,Ridge,0.003339803334764943,0.002886654906930981,15.998906516440764,26.83336435298135,16.033050288654618,27.62685881171296,0.009438924789428711,0.0013514041900634765,0.035438251495361325,0.039674510955810545,0.028401594161987304
elevators,MCAR,0.3,ImputerMedian,XGBRegressor,0.0027872971729574337,0.0022548214837682123,15.998906516440764,26.83336435298135,16.033050288654618,27.62685881171296,0.5487295532226563,0.014832735061645508,0.035438251495361325,0.039674510955810545,0.028401594161987304
elevators,MCAR,0.3,ImputerRPCA,HistGradientBoostingRegressor,0.0022710204378387677,0.002016935269313865,10.7438487507822,0.1717699708534855,10.755943200545639,0.3620457681119246,24.052881116867066,0.3732329940795898,0.0054922676086425785,2405.022042989731,124.47773794174195
elevators,MCAR,0.3,ImputerRPCA,Ridge,0.002654797628161078,0.0022914486313319825,10.7438487507822,0.1717699708534855,10.755943200545639,0.3620457681119246,0.008201885223388671,0.0007771587371826172,0.0054922676086425785,2405.022042989731,124.47773794174195
elevators,MCAR,0.3,ImputerRPCA,XGBRegressor,0.0023692831369909128,0.002045956247135836,10.7438487507822,0.1717699708534855,10.755943200545639,0.3620457681119246,0.6231667518615722,0.012546930313110351,0.0054922676086425785,2405.022042989731,124.47773794174195
elevators,MCAR,0.3,ImputerShuffle,HistGradientBoostingRegressor,0.00291146444526301,0.002291344565004823,22.500462534889557,0.01817108623906803,22.549246018574294,0.08536311985917441,14.296999921798706,0.0802054214477539,0.02224810600280762,0.14730016708374025,0.13359899520874025
elevators,MCAR,0.3,ImputerShuffle,Ridge,0.003626513319554121,0.0031201972986868993,22.500462534889557,0.01817108623906803,22.549246018574294,0.08536311985917441,0.008682727813720703,0.002286825180053711,0.02224810600280762,0.14730016708374025,0.13359899520874025
elevators,MCAR,0.3,ImputerShuffle,XGBRegressor,0.003039063835793098,0.0022967477970336865,22.500462534889557,0.01817108623906803,22.549246018574294,0.08536311985917441,0.588267650604248,0.014624271392822265,0.02224810600280762,0.14730016708374025,0.13359899520874025
elevators,MCAR,0.3,None,HistGradientBoostingRegressor,0.0026656490699940604,0.002083247236563514,,,,,39.603337097167966,0.3540707302093506,,,
elevators,MCAR,0.3,None,Ridge,,,,,,,,,,,
elevators,MCAR,0.3,None,XGBRegressor,0.002740410934845915,0.002189279775109284,,,,,0.9266430950164795,0.027259836196899413,,,
elevators,MCAR,0.5,ImputerDiffusion,HistGradientBoostingRegressor,0.0030389100171589333,0.0023540194810719494,15.617920455372303,5.036818535623408,15.640474569810113,6.094674053747902,8.914078035354613,0.04533851623535156,23.60133822441101,52.38121036529541,14.836065683364868
elevators,MCAR,0.5,ImputerDiffusion,Ridge,0.0032499065459230237,0.00248175007910094,15.617920455372303,5.036818535623408,15.640474569810113,6.094674053747902,0.010645065307617187,0.0017735385894775391,23.60133822441101,52.38121036529541,14.836065683364868
elevators,MCAR,0.5,ImputerDiffusion,XGBRegressor,0.003204279812120007,0.002597211511215342,15.617920455372303,5.036818535623408,15.640474569810113,6.094674053747902,0.8900815773010254,0.014190940856933594,23.60133822441101,52.38121036529541,14.836065683364868
elevators,MCAR,0.5,ImputerEM,HistGradientBoostingRegressor,0.0030478596233827707,0.0023564906010468474,15.559727240752677,4.953666393562965,15.624555289557845,6.582886068775842,0.4513781833648682,0.009874839782714844,130.7760729122162,0.1972686767578125,0.05899974822998047
elevators,MCAR,0.5,ImputerEM,Ridge,0.0033736194229547285,0.0026054354715067123,15.559727240752677,4.953666393562965,15.624555289557845,6.582886068775842,0.0038724040985107424,0.0003081035614013672,130.7760729122162,0.1972686767578125,0.05899974822998047
elevators,MCAR,0.5,ImputerEM,XGBRegressor,0.0031824554285251184,0.0025886476552103937,15.559727240752677,4.953666393562965,15.624555289557845,6.582886068775842,0.41051610946655276,0.007227468490600586,130.7760729122162,0.1972686767578125,0.05899974822998047
elevators,MCAR,0.5,ImputerKNN,HistGradientBoostingRegressor,0.003285616173924654,0.0025714233561757284,17.34422833760217,0.7198206268849081,17.679372402975883,0.8026663482679249,54.90028012275696,0.6829835414886475,0.005821819305419922,26.511131649017333,1.5162018394470216
elevators,MCAR,0.5,ImputerKNN,Ridge,0.0036662165957557814,0.0030781030570821684,17.34422833760217,0.7198206268849081,17.679372402975883,0.8026663482679249,0.005241193771362305,0.00047844886779785156,0.005821819305419922,26.511131649017333,1.5162018394470216
elevators,MCAR,0.5,ImputerKNN,XGBRegressor,0.003454294372860788,0.0027236935570238074,17.34422833760217,0.7198206268849081,17.679372402975883,0.8026663482679249,0.4174595546722412,0.008259820938110351,0.005821819305419922,26.511131649017333,1.5162018394470216
elevators,MCAR,0.5,ImputerMICE,HistGradientBoostingRegressor,0.002997043171898627,0.002295170548243486,17.07351083703921,0.779339278295785,16.899294963275683,1.8242369095896995,37.88689113616943,0.6162926387786866,546.4196674919128,463.4424996948242,262.6370916080475
elevators,MCAR,0.5,ImputerMICE,Ridge,0.0030433593204619107,0.0021605734644503717,17.07351083703921,0.779339278295785,16.899294963275683,1.8242369095896995,0.006641178131103515,0.0008214282989501954,546.4196674919128,463.4424996948242,262.6370916080475
elevators,MCAR,0.5,ImputerMICE,XGBRegressor,0.0032046834569917702,0.0023703680114369736,17.07351083703921,0.779339278295785,16.899294963275683,1.8242369095896995,0.41631232261657714,0.007786617279052734,546.4196674919128,463.4424996948242,262.6370916080475
elevators,MCAR,0.5,ImputerMedian,HistGradientBoostingRegressor,0.0030811861125796163,0.002537503932603784,15.965113312010542,26.753796892641255,15.985961445180724,27.2391591316326,9.75274356842041,0.044990406036376954,0.03636159896850586,0.039567508697509766,0.033601932525634766
elevators,MCAR,0.5,ImputerMedian,Ridge,0.003571896470344441,0.003746833653497092,15.965113312010542,26.753796892641255,15.985961445180724,27.2391591316326,0.010722217559814453,0.0013737869262695312,0.03636159896850586,0.039567508697509766,0.033601932525634766
elevators,MCAR,0.5,ImputerMedian,XGBRegressor,0.003170565974756644,0.002883116744462505,15.965113312010542,26.753796892641255,15.985961445180724,27.2391591316326,0.4965782642364502,0.014311790466308594,0.03636159896850586,0.039567508697509766,0.033601932525634766
elevators,MCAR,0.5,ImputerRPCA,HistGradientBoostingRegressor,0.00248930918762589,0.0022637601810219267,12.670258672869805,0.13713357837261125,12.745427820141515,0.2918303093230115,21.30941841125488,0.21696606636047364,0.003978414535522461,2299.3532761478423,129.05068029403685
elevators,MCAR,0.5,ImputerRPCA,Ridge,0.0028574969877821987,0.002681088121184874,12.670258672869805,0.13713357837261125,12.745427820141515,0.2918303093230115,0.00813507080078125,0.0017678642272949219,0.003978414535522461,2299.3532761478423,129.05068029403685
elevators,MCAR,0.5,ImputerRPCA,XGBRegressor,0.0026111733855893023,0.0023440991390044925,12.670258672869805,0.13713357837261125,12.745427820141515,0.2918303093230115,0.8660728549957275,0.014061298370361328,0.003978414535522461,2299.3532761478423,129.05068029403685
elevators,MCAR,0.5,ImputerShuffle,HistGradientBoostingRegressor,0.0032845585486637467,0.0026437793564916007,22.587593192243972,0.012964230433241518,22.52763811762048,0.06104550890858182,8.39929433822632,0.03985854148864746,0.021381587982177735,0.1472158622741699,0.13722755432128905
elevators,MCAR,0.5,ImputerShuffle,Ridge,0.00392032130467176,0.0034447574148335895,22.587593192243972,0.012964230433241518,22.52763811762048,0.06104550890858182,0.009288110733032227,0.0012500858306884765,0.021381587982177735,0.1472158622741699,0.13722755432128905
elevators,MCAR,0.5,ImputerShuffle,XGBRegressor,0.0034451759553277062,0.002747173479596818,22.587593192243972,0.012964230433241518,22.52763811762048,0.06104550890858182,0.5976069259643555,0.01591631889343262,0.021381587982177735,0.1472158622741699,0.13722755432128905
elevators,MCAR,0.5,None,HistGradientBoostingRegressor,0.003061534061854276,0.0024734259848951732,,,,,10.02419906616211,0.16267080307006837,,,
elevators,MCAR,0.5,None,Ridge,,,,,,,,,,,
elevators,MCAR,0.5,None,XGBRegressor,0.003156504102637943,0.00288869093071958,,,,,0.8383476829528809,0.03431229591369629,,,
elevators,MCAR,0.7,ImputerDiffusion,HistGradientBoostingRegressor,0.0034755417862637975,0.0027819072150535086,15.944962186069084,6.410008414820015,15.953108442390635,7.698240823840463,3.1226060295104983,0.029286537170410156,21.998943099975588,49.6204861164093,14.14245415687561
elevators,MCAR,0.7,ImputerDiffusion,Ridge,0.003653584186466807,0.002992223994605588,15.944962186069084,6.410008414820015,15.953108442390635,7.698240823840463,0.007706384658813476,0.0007877922058105468,21.998943099975588,49.6204861164093,14.14245415687561
elevators,MCAR,0.7,ImputerDiffusion,XGBRegressor,0.00367949954678597,0.003535861731309247,15.944962186069084,6.410008414820015,15.953108442390635,7.698240823840463,0.8944841003417969,0.010707645416259766,21.998943099975588,49.6204861164093,14.14245415687561
elevators,MCAR,0.7,ImputerEM,HistGradientBoostingRegressor,0.0034841926996136987,0.0028510451587082045,15.954735220078183,11.297468523464243,16.014253748642254,13.351384492361184,0.36132474899291994,0.007659597396850586,126.60176886558533,0.1954078769683838,0.05955802917480469
elevators,MCAR,0.7,ImputerEM,Ridge,0.0037419710546184237,0.003804351408208656,15.954735220078183,11.297468523464243,16.014253748642254,13.351384492361184,0.003997335433959961,0.00030714988708496093,126.60176886558533,0.1954078769683838,0.05955802917480469
elevators,MCAR,0.7,ImputerEM,XGBRegressor,0.0036659017957746264,0.0036504228986281697,15.954735220078183,11.297468523464243,16.014253748642254,13.351384492361184,0.46516544342041016,0.007209606170654297,126.60176886558533,0.1954078769683838,0.05955802917480469
elevators,MCAR,0.7,ImputerKNN,HistGradientBoostingRegressor,0.0036179239318306494,0.002922386654917355,17.330150851404593,0.9223589251247516,17.363314596344605,1.0909057280153267,16.327262849807738,0.29752215385437014,0.005509614944458008,34.18099184036255,2.0351370906829835
elevators,MCAR,0.7,ImputerKNN,Ridge,0.003935308755278148,0.003361459493238368,17.330150851404593,0.9223589251247516,17.363314596344605,1.0909057280153267,0.0035308265686035158,0.0003340339660644531,0.005509614944458008,34.18099184036255,2.0351370906829835
elevators,MCAR,0.7,ImputerKNN,XGBRegressor,0.0038212063977934667,0.0034705028692435273,17.330150851404593,0.9223589251247516,17.363314596344605,1.0909057280153267,0.4373708438873291,0.007747812271118164,0.005509614944458008,34.18099184036255,2.0351370906829835
elevators,MCAR,0.7,ImputerMICE,HistGradientBoostingRegressor,0.003455846834484866,0.002792741963190796,20.20577814759836,0.895495959505162,19.525366909783738,2.345007463715461,15.938070287704468,0.21302999496459962,429.95577927589414,355.7891459560394,212.3713219165802
elevators,MCAR,0.7,ImputerMICE,Ridge,0.003564499613884932,0.002654100705835553,20.20577814759836,0.895495959505162,19.525366909783738,2.345007463715461,0.004734573364257813,0.0004994106292724609,429.95577927589414,355.7891459560394,212.3713219165802
elevators,MCAR,0.7,ImputerMICE,XGBRegressor,0.0037406948758773938,0.003097854553540709,20.20577814759836,0.895495959505162,19.525366909783738,2.345007463715461,0.39680665969848633,0.007627115249633789,429.95577927589414,355.7891459560394,212.3713219165802
elevators,MCAR,0.7,ImputerMedian,HistGradientBoostingRegressor,0.0034535323264576353,0.002965612091089252,16.009512919965577,26.448715347804843,16.013902987306366,27.04722878114369,4.294546518325806,0.02860464096069336,0.029188365936279298,0.033700265884399415,0.02825446128845215
elevators,MCAR,0.7,ImputerMedian,Ridge,0.0038288379753463734,0.005440099660920593,16.009512919965577,26.448715347804843,16.013902987306366,27.04722878114369,0.007080230712890625,0.000908956527709961,0.029188365936279298,0.033700265884399415,0.02825446128845215
elevators,MCAR,0.7,ImputerMedian,XGBRegressor,0.0035634125778890528,0.004486175195516623,16.009512919965577,26.448715347804843,16.013902987306366,27.04722878114369,0.372594575881958,0.014976911544799805,0.029188365936279298,0.033700265884399415,0.02825446128845215
elevators,MCAR,0.7,ImputerRPCA,HistGradientBoostingRegressor,0.0026380769063840677,0.0026448928236973007,15.289604067587856,0.1141411781325551,15.269760091673913,0.2330057777393155,3.7500046920776366,0.036582651138305666,0.004057550430297851,2165.434485654831,117.60768954277039
elevators,MCAR,0.7,ImputerRPCA,Ridge,0.002943006069240351,0.0034252233382830706,15.289604067587856,0.1141411781325551,15.269760091673913,0.2330057777393155,0.006759195327758789,0.0009789276123046875,0.004057550430297851,2165.434485654831,117.60768954277039
elevators,MCAR,0.7,ImputerRPCA,XGBRegressor,0.0028039309350139665,0.0027870699946326077,15.289604067587856,0.1141411781325551,15.269760091673913,0.2330057777393155,0.8845146942138672,0.01242915153503418,0.004057550430297851,2165.434485654831,117.60768954277039
elevators,MCAR,0.7,ImputerShuffle,HistGradientBoostingRegressor,0.003672521847487132,0.0029852978985112962,22.573020556664154,0.015258433484482144,22.543177036574868,0.06836478713426745,9.965119638442992,0.05385639190673828,0.018764829635620116,0.13168776512145997,0.11327329635620118
elevators,MCAR,0.7,ImputerShuffle,Ridge,0.004237038279741243,0.003544259087760329,22.573020556664154,0.015258433484482144,22.543177036574868,0.06836478713426745,0.010304384231567383,0.0011836051940917968,0.018764829635620116,0.13168776512145997,0.11327329635620118
elevators,MCAR,0.7,ImputerShuffle,XGBRegressor,0.0038620905201511273,0.0032622852755540806,22.573020556664154,0.015258433484482144,22.543177036574868,0.06836478713426745,0.5101513195037842,0.01203932762145996,0.018764829635620116,0.13168776512145997,0.11327329635620118
elevators,MCAR,0.7,None,HistGradientBoostingRegressor,0.0034588314911138045,0.002986442105471893,,,,,6.148914089202881,0.048861303329467774,,,
elevators,MCAR,0.7,None,Ridge,,,,,,,,,,,
elevators,MCAR,0.7,None,XGBRegressor,0.0035654550951793795,0.004952190019204193,,,,,0.6060615921020508,0.023279705047607423,,,
elevators,None,0.0,None,HistGradientBoostingRegressor,0.0017151117444035306,0.0017151117444035306,,,,,24.117768430709837,0.09988241195678711,,,
elevators,None,0.0,None,Ridge,0.002005215795902162,0.002005215795902162,,,,,0.0059010028839111325,0.0005474090576171875,,,
elevators,None,0.0,None,XGBRegressor,0.001746595581505939,0.001746595581505939,,,,,0.43239636421203614,0.012676191329956055,,,
sulfur,MCAR,0.1,ImputerDiffusion,HistGradientBoostingRegressor,0.018373305556128424,0.01736538761112156,0.0696894201742972,5.834973469299979,0.09659706762019005,13.113048008331441,55.162407388687136,0.6468906879425049,13.616743631362915,30.405028228759765,8.930794811248779
sulfur,MCAR,0.1,ImputerDiffusion,Ridge,0.020797406528977044,0.020067138337252294,0.0696894201742972,5.834973469299979,0.09659706762019005,13.113048008331441,0.006333818435668945,0.0009441375732421875,13.616743631362915,30.405028228759765,8.930794811248779
sulfur,MCAR,0.1,ImputerDiffusion,XGBRegressor,0.020428290378131937,0.019272483418575147,0.0696894201742972,5.834973469299979,0.09659706762019005,13.113048008331441,0.309488000869751,0.006674766540527344,13.616743631362915,30.405028228759765,8.930794811248779
sulfur,MCAR,0.1,ImputerEM,HistGradientBoostingRegressor,0.018934630860802867,0.017716781618619514,0.07599924046353716,6.2998475740605215,0.09250252198666374,14.046372731804109,72.04110116004944,0.315024356842041,1.9411474609375,0.014131746292114257,0.007274436950683594
sulfur,MCAR,0.1,ImputerEM,Ridge,0.02073573822372613,0.020100261931538865,0.07599924046353716,6.2998475740605215,0.09250252198666374,14.046372731804109,0.003561239242553711,0.0007054615020751953,1.9411474609375,0.014131746292114257,0.007274436950683594
sulfur,MCAR,0.1,ImputerEM,XGBRegressor,0.02118775028919173,0.020111618413260562,0.07599924046353716,6.2998475740605215,0.09250252198666374,14.046372731804109,0.21755112648010255,0.005036182403564453,1.9411474609375,0.014131746292114257,0.007274436950683594
sulfur,MCAR,0.1,ImputerKNN,HistGradientBoostingRegressor,0.017834192285529203,0.01690723640965744,0.06357700590219112,0.6050875716127044,0.039821145727816795,1.3688255975697166,72.28323115348816,0.5896939086914063,0.005779552459716797,2.2186350440979004,0.16605156898498535
sulfur,MCAR,0.1,ImputerKNN,Ridge,0.020282795625387085,0.01963221449992062,0.06357700590219112,0.6050875716127044,0.039821145727816795,1.3688255975697166,0.004016590118408203,0.0006665897369384766,0.005779552459716797,2.2186350440979004,0.16605156898498535
sulfur,MCAR,0.1,ImputerKNN,XGBRegressor,0.019772033069330296,0.018740132438568823,0.06357700590219112,0.6050875716127044,0.039821145727816795,1.3688255975697166,0.3338980388641357,0.006649227142333985,0.005779552459716797,2.2186350440979004,0.16605156898498535
sulfur,MCAR,0.1,ImputerMICE,HistGradientBoostingRegressor,0.017459098873992183,0.016758789509825893,0.026898571279766626,0.2404998764132766,0.0225261447251842,0.7612621840317101,43.6967103099823,0.3726957130432129,148.5345940208435,147.24875832557677,119.87236275672913
sulfur,MCAR,0.1,ImputerMICE,Ridge,0.020888586317646583,0.02047012790693894,0.026898571279766626,0.2404998764132766,0.0225261447251842,0.7612621840317101,0.007713451385498047,0.0005022048950195313,148.5345940208435,147.24875832557677,119.87236275672913
sulfur,MCAR,0.1,ImputerMICE,XGBRegressor,0.019172868345075672,0.018314366029653126,0.026898571279766626,0.2404998764132766,0.0225261447251842,0.7612621840317101,0.3153480052947998,0.006189651489257812,148.5345940208435,147.24875832557677,119.87236275672913
sulfur,MCAR,0.1,ImputerMedian,HistGradientBoostingRegressor,0.018338203322283864,0.01738610436947551,0.13348444156546882,26.184458491223772,0.14237576577557756,29.689666643208938,43.16572883605957,0.4106589221954346,0.010066194534301758,0.011236448287963868,0.010381174087524415
sulfur,MCAR,0.1,ImputerMedian,Ridge,0.020479443081510548,0.019549934082709594,0.13348444156546882,26.184458491223772,0.14237576577557756,29.689666643208938,0.00772470474243164,0.0006463146209716797,0.010066194534301758,0.011236448287963868,0.010381174087524415
sulfur,MCAR,0.1,ImputerMedian,XGBRegressor,0.0198816427872148,0.019022699076937533,0.13348444156546882,26.184458491223772,0.14237576577557756,29.689666643208938,0.2676482105255127,0.005467376708984375,0.010066194534301758,0.011236448287963868,0.010381174087524415
sulfur,MCAR,0.1,ImputerRPCA,HistGradientBoostingRegressor,0.016593798486754584,0.01657412692318147,0.0052048150076175,0.08929692577383824,0.005156099753192332,0.32806831679045007,33.331031494140625,0.6423229408264161,0.0032816410064697267,838.0815120887756,68.23124852180482
sulfur,MCAR,0.1,ImputerRPCA,Ridge,0.020464672102119302,0.020459089920756797,0.0052048150076175,0.08929692577383824,0.005156099753192332,0.32806831679045007,0.008455944061279298,0.0016362476348876953,0.0032816410064697267,838.0815120887756,68.23124852180482
sulfur,MCAR,0.1,ImputerRPCA,XGBRegressor,0.016615285366322955,0.01656442537965789,0.0052048150076175,0.08929692577383824,0.005156099753192332,0.32806831679045007,0.30273865699768066,0.006864843368530274,0.0032816410064697267,838.0815120887756,68.23124852180482
sulfur,MCAR,0.1,ImputerShuffle,HistGradientBoostingRegressor,0.017383084707191625,0.015860451069131587,0.19113818108219743,0.07390634628249508,0.15561841511551155,0.37158459302153624,66.67099647521972,0.652611837387085,0.005913734436035156,0.03676856994628906,0.033924560546875
sulfur,MCAR,0.1,ImputerShuffle,Ridge,0.020918720282094544,0.019290793424399127,0.19113818108219743,0.07390634628249508,0.15561841511551155,0.37158459302153624,0.005210685729980469,0.0009781360626220704,0.005913734436035156,0.03676856994628906,0.033924560546875
sulfur,MCAR,0.1,ImputerShuffle,XGBRegressor,0.01836392647355342,0.016778942968201194,0.19113818108219743,0.07390634628249508,0.15561841511551155,0.37158459302153624,0.3017821502685547,0.006267862319946289,0.005913734436035156,0.03676856994628906,0.033924560546875
sulfur,MCAR,0.1,None,HistGradientBoostingRegressor,0.01836437329670187,0.017349676724250678,,,,,69.26403911590576,0.6361982631683349,,,
sulfur,MCAR,0.1,None,Ridge,,,,,,,,,,,
sulfur,MCAR,0.1,None,XGBRegressor,0.019811226552289958,0.018956547668103518,,,,,0.4640058612823486,0.008489007949829102,,,
sulfur,MCAR,0.3,ImputerDiffusion,HistGradientBoostingRegressor,0.02205347890808657,0.019062306234734882,0.09618907640697597,6.811828379224251,0.11525827428824689,13.328233094728668,30.751133680343628,0.7938870525360108,10.274709320068359,24.54144362449646,7.5431862068176265
sulfur,MCAR,0.3,ImputerDiffusion,Ridge,0.022195125253319407,0.01996039958754472,0.09618907640697597,6.811828379224251,0.11525827428824689,13.328233094728668,0.0053119945526123044,0.0006783199310302734,10.274709320068359,24.54144362449646,7.5431862068176265
sulfur,MCAR,0.3,ImputerDiffusion,XGBRegressor,0.02480802656675415,0.022601232187878673,0.09618907640697597,6.811828379224251,0.11525827428824689,13.328233094728668,0.24550758361816405,0.005763387680053711,10.274709320068359,24.54144362449646,7.5431862068176265
sulfur,MCAR,0.3,ImputerEM,HistGradientBoostingRegressor,0.02123546136863489,0.01783146814159221,0.1050195630024473,11.213729687758873,0.11548415003216053,17.683206677920563,29.228936891555787,0.28716072082519534,2.058427219390869,0.023719282150268556,0.009889850616455078
sulfur,MCAR,0.3,ImputerEM,Ridge,0.021916659388942095,0.019468007279196432,0.1050195630024473,11.213729687758873,0.11548415003216053,17.683206677920563,0.003209238052368164,0.0006481742858886718,2.058427219390869,0.023719282150268556,0.009889850616455078
sulfur,MCAR,0.3,ImputerEM,XGBRegressor,0.024275475944064207,0.02172880580536215,0.1050195630024473,11.213729687758873,0.11548415003216053,17.683206677920563,0.21728879928588868,0.004939184188842773,2.058427219390869,0.023719282150268556,0.009889850616455078
sulfur,MCAR,0.3,ImputerKNN,HistGradientBoostingRegressor,0.021150264496262186,0.017222646439337214,0.12045237518213976,0.5721546064830909,0.0833899670788862,0.982660629862208,70.94425889968872,0.4196711349487305,0.005025491714477539,6.009271240234375,0.3623484039306641
sulfur,MCAR,0.3,ImputerKNN,Ridge,0.022357405106127402,0.019463221006007333,0.12045237518213976,0.5721546064830909,0.0833899670788862,0.982660629862208,0.00813298225402832,0.0013878726959228515,0.005025491714477539,6.009271240234375,0.3623484039306641
sulfur,MCAR,0.3,ImputerKNN,XGBRegressor,0.023684062722526943,0.020198779425098522,0.12045237518213976,0.5721546064830909,0.0833899670788862,0.982660629862208,0.41874210357666014,0.008652467727661133,0.005025491714477539,6.009271240234375,0.3623484039306641
sulfur,MCAR,0.3,ImputerMICE,HistGradientBoostingRegressor,0.021277473172836205,0.01805217441950573,0.04708148702150497,0.12501527266539766,0.03621070921335809,0.34889632771588774,53.690119075775144,0.4409842205047607,138.56388062477112,145.43942797660827,114.23617646217346
sulfur,MCAR,0.3,ImputerMICE,Ridge,0.022094690373754094,0.020181345515451046,0.04708148702150497,0.12501527266539766,0.03621070921335809,0.34889632771588774,0.004449930191040039,0.0006180286407470703,138.56388062477112,145.43942797660827,114.23617646217346
sulfur,MCAR,0.3,ImputerMICE,XGBRegressor,0.026710830956102986,0.02283694619050623,0.04708148702150497,0.12501527266539766,0.03621070921335809,0.34889632771588774,0.3408986568450928,0.007387914657592773,138.56388062477112,145.43942797660827,114.23617646217346
sulfur,MCAR,0.3,ImputerMedian,HistGradientBoostingRegressor,0.022024356197558784,0.01973210106416593,0.13297214266942148,25.88607594967465,0.1423865457357736,29.30875362850587,29.7744358253479,0.9806584453582764,0.009386444091796875,0.010513372421264648,0.009094018936157227
sulfur,MCAR,0.3,ImputerMedian,Ridge,0.02206570458370101,0.019871687033666877,0.13297214266942148,25.88607594967465,0.1423865457357736,29.30875362850587,0.003060779571533203,0.00046657562255859376,0.009386444091796875,0.010513372421264648,0.009094018936157227
sulfur,MCAR,0.3,ImputerMedian,XGBRegressor,0.025502475870513134,0.02476990968296228,0.13297214266942148,25.88607594967465,0.1423865457357736,29.30875362850587,0.22317680358886718,0.00583587646484375,0.009386444091796875,0.010513372421264648,0.009094018936157227
sulfur,MCAR,0.3,ImputerRPCA,HistGradientBoostingRegressor,0.017490877078887124,0.017377932466303935,0.006114588857649816,0.030172480872421362,0.006100981806514815,0.13437722540589467,32.20404889106751,0.6382575702667236,0.003387308120727539,791.1665405654908,59.408172578811644
sulfur,MCAR,0.3,ImputerRPCA,Ridge,0.02047990207488224,0.020672983007951607,0.006114588857649816,0.030172480872421362,0.006100981806514815,0.13437722540589467,0.006721096038818359,0.0007239627838134766,0.003387308120727539,791.1665405654908,59.408172578811644
sulfur,MCAR,0.3,ImputerRPCA,XGBRegressor,0.01833193065722713,0.0181939363026588,0.006114588857649816,0.030172480872421362,0.006100981806514815,0.13437722540589467,0.23642744064331056,0.00500819206237793,0.003387308120727539,791.1665405654908,59.408172578811644
sulfur,MCAR,0.3,ImputerShuffle,HistGradientBoostingRegressor,0.021208495731052115,0.016868954111407368,0.1910526211294766,0.030130141571584487,0.15547425161950743,0.15616401214282954,42.857638120651245,0.718776330947876,0.006366004943847656,0.035528526306152344,0.033676977157592776
sulfur,MCAR,0.3,ImputerShuffle,Ridge,0.02352768191138613,0.019875933863427838,0.1910526211294766,0.030130141571584487,0.15547425161950743,0.15616401214282954,0.005379571914672852,0.0006225204467773437,0.006366004943847656,0.035528526306152344,0.033676977157592776
sulfur,MCAR,0.3,ImputerShuffle,XGBRegressor,0.02259056760237948,0.017630934831954204,0.1910526211294766,0.030130141571584487,0.15547425161950743,0.15616401214282954,0.2860231304168701,0.006659393310546875,0.006366004943847656,0.035528526306152344,0.033676977157592776
sulfur,MCAR,0.3,None,HistGradientBoostingRegressor,0.021965458044845093,0.019431478485122153,,,,,36.204882564544675,0.7692667579650879,,,
sulfur,MCAR,0.3,None,Ridge,,,,,,,,,,,
sulfur,MCAR,0.3,None,XGBRegressor,0.024915588152359426,0.02466082998406348,,,,,0.43899346351623536,0.011454925537109376,,,
sulfur,MCAR,0.5,ImputerDiffusion,HistGradientBoostingRegressor,0.023664441479429144,0.01863414331550727,0.11659956284829467,8.476870948292019,0.13226229123961267,14.856001284453757,24.382223119735716,0.6175727844238281,9.665938148498535,22.991408462524415,7.040032911300659
sulfur,MCAR,0.5,ImputerDiffusion,Ridge,0.023550512511855973,0.019895953821190245,0.11659956284829467,8.476870948292019,0.13226229123961267,14.856001284453757,0.004017448425292969,0.0004123401641845703,9.665938148498535,22.991408462524415,7.040032911300659
sulfur,MCAR,0.5,ImputerDiffusion,XGBRegressor,0.027642144556765703,0.02786933946989143,0.11659956284829467,8.476870948292019,0.13226229123961267,14.856001284453757,0.23149517059326172,0.0051317596435546875,9.665938148498535,22.991408462524415,7.040032911300659
sulfur,MCAR,0.5,ImputerEM,HistGradientBoostingRegressor,0.023679289717581056,0.018866077377085323,0.12600276736428406,17.38402390683595,0.13656143874540733,22.48713960303364,17.14072895050049,0.21856565475463868,2.1238378524780273,0.025688314437866212,0.010637216567993164
sulfur,MCAR,0.5,ImputerEM,Ridge,0.02341141141726971,0.01963178712009371,0.12600276736428406,17.38402390683595,0.13656143874540733,22.48713960303364,0.0029905033111572265,0.0009387016296386718,2.1238378524780273,0.025688314437866212,0.010637216567993164
sulfur,MCAR,0.5,ImputerEM,XGBRegressor,0.02718074917536811,0.02578111025689679,0.12600276736428406,17.38402390683595,0.13656143874540733,22.48713960303364,0.21004846572875976,0.004970560073852539,2.1238378524780273,0.025688314437866212,0.010637216567993164
sulfur,MCAR,0.5,ImputerKNN,HistGradientBoostingRegressor,0.023977469298845925,0.01807577660559804,0.12332577374347842,0.4142696833606561,0.08965139067014093,0.7345158799371841,27.40849910736084,0.5017613792419433,0.0034178924560546876,6.086888389587402,0.3680215358734131
sulfur,MCAR,0.5,ImputerKNN,Ridge,0.02408097527434476,0.019653410034122347,0.12332577374347842,0.4142696833606561,0.08965139067014093,0.7345158799371841,0.003223114013671875,0.00035982131958007814,0.0034178924560546876,6.086888389587402,0.3680215358734131
sulfur,MCAR,0.5,ImputerKNN,XGBRegressor,0.029217801364635455,0.023774766861894378,0.12332577374347842,0.4142696833606561,0.08965139067014093,0.7345158799371841,0.2603218269348144,0.005934534072875977,0.0034178924560546876,6.086888389587402,0.3680215358734131
sulfur,MCAR,0.5,ImputerMICE,HistGradientBoostingRegressor,0.0236856238865008,0.01766785105134518,0.07384655887657965,0.11425553603264736,0.05607969883571471,0.21955337790611135,24.371338214874267,0.622013463973999,114.08069569587707,114.62377566337585,86.66898582458496
sulfur,MCAR,0.5,ImputerMICE,Ridge,0.02387049647207013,0.01981336725162771,0.07384655887657965,0.11425553603264736,0.05607969883571471,0.21955337790611135,0.004131393432617187,0.00047533035278320314,114.08069569587707,114.62377566337585,86.66898582458496
sulfur,MCAR,0.5,ImputerMICE,XGBRegressor,0.030014961510365236,0.023799896887559714,0.07384655887657965,0.11425553603264736,0.05607969883571471,0.21955337790611135,0.2352009868621826,0.004825487136840821,114.08069569587707,114.62377566337585,86.66898582458496
sulfur,MCAR,0.5,ImputerMedian,HistGradientBoostingRegressor,0.023327682860674943,0.019122619295298446,0.13315005960175363,25.756783416750654,0.1426910448174826,28.63470023283044,22.737307252883912,0.680258731842041,0.008460521697998047,0.008670721054077148,0.007885608673095703
sulfur,MCAR,0.5,ImputerMedian,Ridge,0.02348573511837647,0.020265437689158255,0.13315005960175363,25.756783416750654,0.1426910448174826,28.63470023283044,0.0034531402587890626,0.00041425704956054687,0.008460521697998047,0.008670721054077148,0.007885608673095703
sulfur,MCAR,0.5,ImputerMedian,XGBRegressor,0.02799742491496445,0.03275848821028196,0.13315005960175363,25.756783416750654,0.1426910448174826,28.63470023283044,0.15411875724792481,0.005104093551635742,0.008460521697998047,0.008670721054077148,0.007885608673095703
sulfur,MCAR,0.5,ImputerRPCA,HistGradientBoostingRegressor,0.018683086659540295,0.018300253942021893,0.007348329599656617,0.01926934438033585,0.00733642819361469,0.08746600341940951,23.6481654548645,0.6324370384216309,0.0026610374450683595,782.8933737373352,54.56120362281799
sulfur,MCAR,0.5,ImputerRPCA,Ridge,0.020718125471574006,0.020618397781115298,0.007348329599656617,0.01926934438033585,0.00733642819361469,0.08746600341940951,0.005245647430419922,0.0004097270965576172,0.0026610374450683595,782.8933737373352,54.56120362281799
sulfur,MCAR,0.5,ImputerRPCA,XGBRegressor,0.02002296001297437,0.01965073780217591,0.007348329599656617,0.01926934438033585,0.00733642819361469,0.08746600341940951,0.22384963035583497,0.005056896209716797,0.0026610374450683595,782.8933737373352,54.56120362281799
sulfur,MCAR,0.5,ImputerShuffle,HistGradientBoostingRegressor,0.023302347580816334,0.016477342940645442,0.1908984320565692,0.022803603965684073,0.15578868608179167,0.10164003809650815,24.403142471313476,0.5635264015197754,0.005600223541259766,0.029548797607421875,0.02800748825073242
sulfur,MCAR,0.5,ImputerShuffle,Ridge,0.025652904668287495,0.02119073008747092,0.1908984320565692,0.022803603965684073,0.15578868608179167,0.10164003809650815,0.0029795169830322266,0.0003606510162353516,0.005600223541259766,0.029548797607421875,0.02800748825073242
sulfur,MCAR,0.5,ImputerShuffle,XGBRegressor,0.02548596501938397,0.018894855214916993,0.1908984320565692,0.022803603965684073,0.15578868608179167,0.10164003809650815,0.25791430473327637,0.004927511215209961,0.005600223541259766,0.029548797607421875,0.02800748825073242
sulfur,MCAR,0.5,None,HistGradientBoostingRegressor,0.02357758228261353,0.01925377477638016,,,,,26.22933241844177,0.613687858581543,,,
sulfur,MCAR,0.5,None,Ridge,,,,,,,,,,,
sulfur,MCAR,0.5,None,XGBRegressor,0.027083475531115543,0.03064052049853875,,,,,0.35290578842163084,0.009728984832763672,,,
sulfur,MCAR,0.7,ImputerDiffusion,HistGradientBoostingRegressor,0.025773180987466775,0.019794603517066925,0.13398550562623976,11.463959574921684,0.14687411620785631,17.531954908688157,52.288081645965576,0.6872253036499023,10.575230712890624,24.803714809417723,7.553345394134522
sulfur,MCAR,0.7,ImputerDiffusion,Ridge,0.024919138723758234,0.01981085436423592,0.13398550562623976,11.463959574921684,0.14687411620785631,17.531954908688157,0.0049141979217529295,0.0004849433898925781,10.575230712890624,24.803714809417723,7.553345394134522
sulfur,MCAR,0.7,ImputerDiffusion,XGBRegressor,0.02915353328302826,0.03141078462332435,0.13398550562623976,11.463959574921684,0.14687411620785631,17.531954908688157,0.26605462074279784,0.0057658863067626956,10.575230712890624,24.803714809417723,7.553345394134522
sulfur,MCAR,0.7,ImputerEM,HistGradientBoostingRegressor,0.02536141410819507,0.018579445940205472,0.13865309578686388,24.7541512109636,0.14930212978264315,28.25476848242446,26.76801403045654,0.03528532028198242,2.2459147930145265,0.025170745849609374,0.010397415161132812
sulfur,MCAR,0.7,ImputerEM,Ridge,0.02485068995817879,0.020415445353740368,0.13865309578686388,24.7541512109636,0.14930212978264315,28.25476848242446,0.0037981128692626954,0.001206045150756836,2.2459147930145265,0.025170745849609374,0.010397415161132812
sulfur,MCAR,0.7,ImputerEM,XGBRegressor,0.02822872059333556,0.029362769969492403,0.13865309578686388,24.7541512109636,0.14930212978264315,28.25476848242446,0.1868942928314209,0.005007543563842773,2.2459147930145265,0.025170745849609374,0.010397415161132812
sulfur,MCAR,0.7,ImputerKNN,HistGradientBoostingRegressor,0.02605694306035352,0.01898300305702217,0.12501504393496898,0.4687342217740592,0.09445092194577542,0.7516670430609395,21.568029642105103,0.39817684173583984,0.0038850593566894533,6.343605861663819,0.37952824592590334
sulfur,MCAR,0.7,ImputerKNN,Ridge,0.025297485697547435,0.01972229720943931,0.12501504393496898,0.4687342217740592,0.09445092194577542,0.7516670430609395,0.0023213958740234374,0.0004212379455566406,0.0038850593566894533,6.343605861663819,0.37952824592590334
sulfur,MCAR,0.7,ImputerKNN,XGBRegressor,0.030923672164450827,0.028349467637846352,0.12501504393496898,0.4687342217740592,0.09445092194577542,0.7516670430609395,0.24538745880126953,0.0056721878051757815,0.0038850593566894533,6.343605861663819,0.37952824592590334
sulfur,MCAR,0.7,ImputerMICE,HistGradientBoostingRegressor,0.026656804753727205,0.01852863602356035,0.10987787152257641,0.1664016204497705,0.08470644597316601,0.2570725487714575,33.22819701194763,0.6299748420715332,125.4314651298523,119.81338437080383,76.56365948677063
sulfur,MCAR,0.7,ImputerMICE,Ridge,0.026461215205807843,0.02151441161709054,0.10987787152257641,0.1664016204497705,0.08470644597316601,0.2570725487714575,0.004626655578613281,0.0008310890197753907,125.4314651298523,119.81338437080383,76.56365948677063
sulfur,MCAR,0.7,ImputerMICE,XGBRegressor,0.035284487716998825,0.031822325899870926,0.10987787152257641,0.1664016204497705,0.08470644597316601,0.2570725487714575,0.22609904289245605,0.005159292221069336,125.4314651298523,119.81338437080383,76.56365948677063
sulfur,MCAR,0.7,ImputerMedian,HistGradientBoostingRegressor,0.02540629873585154,0.021335662065071856,0.1332309803019438,25.750590189553492,0.14217133543437208,28.956305839029632,38.34970866203308,0.689933500289917,0.008268899917602539,0.009019126892089844,0.008300762176513671
sulfur,MCAR,0.7,ImputerMedian,Ridge,0.024802776197257508,0.0203709725630647,0.1332309803019438,25.750590189553492,0.14217133543437208,28.956305839029632,0.005381526947021484,0.0010756301879882814,0.008268899917602539,0.009019126892089844,0.008300762176513671
sulfur,MCAR,0.7,ImputerMedian,XGBRegressor,0.028057666648743044,0.04086425214128134,0.1332309803019438,25.750590189553492,0.14217133543437208,28.956305839029632,0.1375067138671875,0.005775203704833984,0.008268899917602539,0.009019126892089844,0.008300762176513671
sulfur,MCAR,0.7,ImputerRPCA,HistGradientBoostingRegressor,0.020348724185685833,0.019230465475681805,0.009451975971111385,0.017039628103600622,0.00937710361524152,0.07935033285441917,51.55450308799744,0.3953338050842285,0.002415752410888672,723.3081472969055,62.86723789215088
sulfur,MCAR,0.7,ImputerRPCA,Ridge,0.020891624291732826,0.020558386981250346,0.009451975971111385,0.017039628103600622,0.00937710361524152,0.07935033285441917,0.005969219207763672,0.0007903575897216797,0.002415752410888672,723.3081472969055,62.86723789215088
sulfur,MCAR,0.7,ImputerRPCA,XGBRegressor,0.022328921194272447,0.02171880101955874,0.009451975971111385,0.017039628103600622,0.00937710361524152,0.07935033285441917,0.26677085876464846,0.005815153121948242,0.002415752410888672,723.3081472969055,62.86723789215088
sulfur,MCAR,0.7,ImputerShuffle,HistGradientBoostingRegressor,0.025687684947748746,0.017832261161996342,0.1911387655027716,0.022387216569672755,0.15649577252124647,0.12097683155613133,47.45520437240601,0.5789300918579101,0.006396303176879883,0.035009546279907225,0.033455190658569334
sulfur,MCAR,0.7,ImputerShuffle,Ridge,0.026382943350255948,0.022749170906071963,0.1911387655027716,0.022387216569672755,0.15649577252124647,0.12097683155613133,0.005438909530639648,0.0005279731750488281,0.006396303176879883,0.035009546279907225,0.033455190658569334
sulfur,MCAR,0.7,ImputerShuffle,XGBRegressor,0.029885247753570408,0.022792847706052593,0.1911387655027716,0.022387216569672755,0.15649577252124647,0.12097683155613133,0.308566951751709,0.005812540054321289,0.006396303176879883,0.035009546279907225,0.033455190658569334
sulfur,MCAR,0.7,None,HistGradientBoostingRegressor,0.025531268365321064,0.020985210913170755,,,,,51.12633573532104,0.5525010585784912,,,
sulfur,MCAR,0.7,None,Ridge,,,,,,,,,,,
sulfur,MCAR,0.7,None,XGBRegressor,0.028478922855439192,0.038948456046703786,,,,,0.3591801834106445,0.007927293777465821,,,
sulfur,None,0.0,None,HistGradientBoostingRegressor,0.01673223985756021,0.01673223985756021,,,,,29.871686458587646,0.7786131381988526,,,
sulfur,None,0.0,None,Ridge,0.020437262643791216,0.020437262643791216,,,,,0.0022369861602783204,0.0010366439819335938,,,
sulfur,None,0.0,None,XGBRegressor,0.01684763473235252,0.01684763473235252,,,,,0.24744782447814942,0.005374336242675781,,,
wine_quality,MCAR,0.1,ImputerDiffusion,HistGradientBoostingRegressor,0.5839190826068958,0.5739822115880622,3.7831657780495367,6.842953207269846,4.429766990576617,11.462070524923595,41.841468257904054,0.14535300254821779,10.773153705596924,27.705948038101198,8.670877017974853
wine_quality,MCAR,0.1,ImputerDiffusion,Ridge,0.5953311019859263,0.5881651142613354,3.7831657780495367,6.842953207269846,4.429766990576617,11.462070524923595,0.008515453338623047,0.002150592803955078,10.773153705596924,27.705948038101198,8.670877017974853
wine_quality,MCAR,0.1,ImputerDiffusion,XGBRegressor,0.6212646324473008,0.613144286614037,3.7831657780495367,6.842953207269846,4.429766990576617,11.462070524923595,0.5089842224121094,0.00754058837890625,10.773153705596924,27.705948038101198,8.670877017974853
wine_quality,MCAR,0.1,ImputerEM,HistGradientBoostingRegressor,0.5850095075616918,0.5738886331459456,3.679386363988741,2.625560230134093,4.342164877689782,6.1834370581510685,44.299897031784056,0.17572381973266601,20.796732625961305,0.018635292053222657,0.008883018493652344
wine_quality,MCAR,0.1,ImputerEM,Ridge,0.5954295736055737,0.588965886064361,3.679386363988741,2.625560230134093,4.342164877689782,6.1834370581510685,0.0022397136688232424,0.00022988319396972657,20.796732625961305,0.018635292053222657,0.008883018493652344
wine_quality,MCAR,0.1,ImputerEM,XGBRegressor,0.6183706172250689,0.6093912175590844,3.679386363988741,2.625560230134093,4.342164877689782,6.1834370581510685,0.20287630081176758,0.003285837173461914,20.796732625961305,0.018635292053222657,0.008883018493652344
wine_quality,MCAR,0.1,ImputerKNN,HistGradientBoostingRegressor,0.5829351527365733,0.5734498048838337,3.267211273520932,0.42927301587483363,2.918154120370832,1.6267676389489674,61.84670796394348,0.3406330966949463,0.006822957992553711,1.7164018058776855,0.1622333526611328
wine_quality,MCAR,0.1,ImputerKNN,Ridge,0.5979180994104899,0.5885520426484163,3.267211273520932,0.42927301587483363,2.918154120370832,1.6267676389489674,0.006414833068847656,0.0004872894287109375,0.006822957992553711,1.7164018058776855,0.1622333526611328
wine_quality,MCAR,0.1,ImputerKNN,XGBRegressor,0.620836557393281,0.6106917624983926,3.267211273520932,0.42927301587483363,2.918154120370832,1.6267676389489674,0.39376636505126955,0.005616407394409179,0.006822957992553711,1.7164018058776855,0.1622333526611328
wine_quality,MCAR,0.1,ImputerMICE,HistGradientBoostingRegressor,0.578168859520406,0.5718496432854548,2.449299765197824,0.25360924865865636,2.118875612174075,0.9165565988441092,76.70058077812195,0.644608736038208,399.72975042343137,295.4904899311066,314.0568403816223
wine_quality,MCAR,0.1,ImputerMICE,Ridge,0.590801208492651,0.5865820312869101,2.449299765197824,0.25360924865865636,2.118875612174075,0.9165565988441092,0.005314569473266601,0.0007566738128662109,399.72975042343137,295.4904899311066,314.0568403816223
wine_quality,MCAR,0.1,ImputerMICE,XGBRegressor,0.6187945578762006,0.610942248084986,2.449299765197824,0.25360924865865636,2.118875612174075,0.9165565988441092,0.35590840339660645,0.004788074493408203,399.72975042343137,295.4904899311066,314.0568403816223
wine_quality,MCAR,0.1,ImputerMedian,HistGradientBoostingRegressor,0.5856613020888142,0.5743530357412573,5.876903564312355,28.609110553911965,6.404141429463868,31.369843428208036,40.99921492576599,0.2978118705749512,0.02693678855895996,0.02691676139831543,0.023902969360351564
wine_quality,MCAR,0.1,ImputerMedian,Ridge,0.597966039194551,0.5890452577843525,5.876903564312355,28.609110553911965,6.404141429463868,31.369843428208036,0.009462051391601563,0.0017319583892822265,0.02693678855895996,0.02691676139831543,0.023902969360351564
wine_quality,MCAR,0.1,ImputerMedian,XGBRegressor,0.6271883481397972,0.6158167692811025,5.876903564312355,28.609110553911965,6.404141429463868,31.369843428208036,0.4335219573974609,0.007093467712402344,0.02693678855895996,0.02691676139831543,0.023902969360351564
wine_quality,MCAR,0.1,ImputerRPCA,HistGradientBoostingRegressor,0.58599581531301,0.5743759947795966,4.667425120510572,0.424317894728127,4.670338144459492,1.750261405253522,39.81612888336181,0.3086382293701172,0.004545726776123047,363.90493019104,48.816412706375125
wine_quality,MCAR,0.1,ImputerRPCA,Ridge,0.5977191951587482,0.5847353761174854,4.667425120510572,0.424317894728127,4.670338144459492,1.750261405253522,0.009049072265625,0.0014620399475097656,0.004545726776123047,363.90493019104,48.816412706375125
wine_quality,MCAR,0.1,ImputerRPCA,XGBRegressor,0.6221128206097127,0.6088738342507607,4.667425120510572,0.424317894728127,4.670338144459492,1.750261405253522,0.535634708404541,0.006406030654907227,0.004545726776123047,363.90493019104,48.816412706375125
wine_quality,MCAR,0.1,ImputerShuffle,HistGradientBoostingRegressor,0.5904420927953022,0.5754663789553958,8.324812138356643,0.13879779170171802,6.549767542843823,0.7390327857168522,26.175838041305543,0.25085466384887695,0.01858151435852051,0.08723797798156738,0.08081774711608887
wine_quality,MCAR,0.1,ImputerShuffle,Ridge,0.6071699904373798,0.589318004524832,8.324812138356643,0.13879779170171802,6.549767542843823,0.7390327857168522,0.006699466705322265,0.0013929843902587891,0.01858151435852051,0.08723797798156738,0.08081774711608887
wine_quality,MCAR,0.1,ImputerShuffle,XGBRegressor,0.6222868282921256,0.6026192235852063,8.324812138356643,0.13879779170171802,6.549767542843823,0.7390327857168522,0.4609020519256592,0.006843671798706054,0.01858151435852051,0.08723797798156738,0.08081774711608887
wine_quality,MCAR,0.1,None,HistGradientBoostingRegressor,0.5845536073532385,0.5728252126667241,,,,,52.11710350036621,0.1833590030670166,,,
wine_quality,MCAR,0.1,None,Ridge,,,,,,,,,,,
wine_quality,MCAR,0.1,None,XGBRegressor,0.6229099261401001,0.6121117632011738,,,,,0.8215605163574219,0.009246149063110352,,,
wine_quality,MCAR,0.3,ImputerDiffusion,HistGradientBoostingRegressor,0.6100534588803669,0.5817294006451851,4.365244781474687,7.288698714382109,4.988758165970374,11.747885652606033,16.065293827056884,0.03541376113891601,10.498974685668946,25.922220726013183,8.397276334762573
wine_quality,MCAR,0.3,ImputerDiffusion,Ridge,0.613849354650381,0.5989601933299779,4.365244781474687,7.288698714382109,4.988758165970374,11.747885652606033,0.009363489151000976,0.0016924476623535157,10.498974685668946,25.922220726013183,8.397276334762573
wine_quality,MCAR,0.3,ImputerDiffusion,XGBRegressor,0.6424031467847405,0.6258876340443608,4.365244781474687,7.288698714382109,4.988758165970374,11.747885652606033,0.6376263618469238,0.008018484115600586,10.498974685668946,25.922220726013183,8.397276334762573
wine_quality,MCAR,0.3,ImputerEM,HistGradientBoostingRegressor,0.6102786109573887,0.5827023734048806,4.328797452192898,4.476372496599752,5.059885836909368,8.552123474621844,31.904516344070434,0.18109179496765138,23.507607326507568,0.031450958251953126,0.012480888366699219
wine_quality,MCAR,0.3,ImputerEM,Ridge,0.6147919881047189,0.5992077641610849,4.328797452192898,4.476372496599752,5.059885836909368,8.552123474621844,0.004319295883178711,0.0006860923767089843,23.507607326507568,0.031450958251953126,0.012480888366699219
wine_quality,MCAR,0.3,ImputerEM,XGBRegressor,0.6485192154068234,0.627348582602883,4.328797452192898,4.476372496599752,5.059885836909368,8.552123474621844,0.27195713996887205,0.003938846588134766,23.507607326507568,0.031450958251953126,0.012480888366699219
wine_quality,MCAR,0.3,ImputerKNN,HistGradientBoostingRegressor,0.6087559167118474,0.58082102912579,4.957651249703423,0.21726780644282917,3.934498651777422,0.6115113615910114,22.19950651168823,0.06672744750976563,0.008596010208129883,3.4892206382751465,0.2102890968322754
wine_quality,MCAR,0.3,ImputerKNN,Ridge,0.6199128610504381,0.5951919955705455,4.957651249703423,0.21726780644282917,3.934498651777422,0.6115113615910114,0.005669498443603515,0.00046618461608886717,0.008596010208129883,3.4892206382751465,0.2102890968322754
wine_quality,MCAR,0.3,ImputerKNN,XGBRegressor,0.6443643924356164,0.618760080625479,4.957651249703423,0.21726780644282917,3.934498651777422,0.6115113615910114,0.5221952819824218,0.007160968780517578,0.008596010208129883,3.4892206382751465,0.2102890968322754
wine_quality,MCAR,0.3,ImputerMICE,HistGradientBoostingRegressor,0.5969638068075538,0.5779525533782737,3.3118195787456597,0.14558694187320556,3.034578817356151,0.5369991709107838,31.045663509368897,0.09179573059082032,431.7512117862701,296.5062253856659,221.11709367752076
wine_quality,MCAR,0.3,ImputerMICE,Ridge,0.6017544572485967,0.5886743789489599,3.3118195787456597,0.14558694187320556,3.034578817356151,0.5369991709107838,0.007755270004272461,0.0012813377380371093,431.7512117862701,296.5062253856659,221.11709367752076
wine_quality,MCAR,0.3,ImputerMICE,XGBRegressor,0.6320895749644643,0.618491790099993,3.3118195787456597,0.14558694187320556,3.034578817356151,0.5369991709107838,0.5451897239685058,0.006127538681030273,431.7512117862701,296.5062253856659,221.11709367752076
wine_quality,MCAR,0.3,ImputerMedian,HistGradientBoostingRegressor,0.6110905058254583,0.5839810971353034,5.912508302521367,27.225224388460543,6.374181896254856,30.56063907814203,16.11365852355957,0.04083053588867187,0.023542490005493164,0.026447744369506837,0.025032968521118165
wine_quality,MCAR,0.3,ImputerMedian,Ridge,0.6176011780283129,0.6044710041446472,5.912508302521367,27.225224388460543,6.374181896254856,30.56063907814203,0.008041791915893555,0.0007394123077392579,0.023542490005493164,0.026447744369506837,0.025032968521118165
wine_quality,MCAR,0.3,ImputerMedian,XGBRegressor,0.64276714965828,0.6271628384761265,5.912508302521367,27.225224388460543,6.374181896254856,30.56063907814203,0.4432951736450195,0.0074418926239013675,0.023542490005493164,0.026447744369506837,0.025032968521118165
wine_quality,MCAR,0.3,ImputerRPCA,HistGradientBoostingRegressor,0.6140820767120317,0.5825521581768759,4.7683299028172295,0.1987025184326075,4.731057164277417,0.7611201904587991,15.632855815887451,0.1889482879638672,0.00552678108215332,349.47935309410093,48.19464085578918
wine_quality,MCAR,0.3,ImputerRPCA,Ridge,0.6213354888855348,0.5896109441711671,4.7683299028172295,0.1987025184326075,4.731057164277417,0.7611201904587991,0.006467199325561524,0.0009309196472167969,0.00552678108215332,349.47935309410093,48.19464085578918
wine_quality,MCAR,0.3,ImputerRPCA,XGBRegressor,0.6499031924476177,0.620471662826982,4.7683299028172295,0.1987025184326075,4.731057164277417,0.7611201904587991,0.6011707496643066,0.007102165222167969,0.00552678108215332,349.47935309410093,48.19464085578918
wine_quality,MCAR,0.3,ImputerShuffle,HistGradientBoostingRegressor,0.6168236337914145,0.5801779035226455,8.248790420365191,0.05057017445919842,6.650843071111111,0.246876093665175,20.096464891433715,0.2214034366607666,0.017893304824829103,0.09777956962585449,0.08692241668701171
wine_quality,MCAR,0.3,ImputerShuffle,Ridge,0.6381021906910905,0.6027448764035823,8.248790420365191,0.05057017445919842,6.650843071111111,0.246876093665175,0.0066577339172363284,0.0012513160705566405,0.017893304824829103,0.09777956962585449,0.08692241668701171
wine_quality,MCAR,0.3,ImputerShuffle,XGBRegressor,0.6478140332722626,0.6089798775031313,8.248790420365191,0.05057017445919842,6.650843071111111,0.246876093665175,0.5266360187530518,0.008512210845947266,0.017893304824829103,0.09777956962585449,0.08692241668701171
wine_quality,MCAR,0.3,None,HistGradientBoostingRegressor,0.6100119906427387,0.5824434454465759,,,,,33.63595088005066,0.07541729927062989,,,
wine_quality,MCAR,0.3,None,Ridge,,,,,,,,,,,
wine_quality,MCAR,0.3,None,XGBRegressor,0.6433790880022644,0.6337649290899248,,,,,0.8681472492218018,0.0150921630859375,,,
wine_quality,MCAR,0.5,ImputerDiffusion,HistGradientBoostingRegressor,0.6343671351138616,0.5970369069494827,4.886375628872306,8.23288324980168,5.62995206083054,12.947930162849651,20.830758142471314,0.1681263542175293,8.578421106338501,22.020019426345826,7.02183349609375
wine_quality,MCAR,0.5,ImputerDiffusion,Ridge,0.6303600263587981,0.612385347754026,4.886375628872306,8.23288324980168,5.62995206083054,12.947930162849651,0.0074264430999755856,0.0014244461059570313,8.578421106338501,22.020019426345826,7.02183349609375
wine_quality,MCAR,0.5,ImputerDiffusion,XGBRegressor,0.668328623932714,0.644902969756945,4.886375628872306,8.23288324980168,5.62995206083054,12.947930162849651,0.5842429542541504,0.005591497421264648,8.578421106338501,22.020019426345826,7.02183349609375
wine_quality,MCAR,0.5,ImputerEM,HistGradientBoostingRegressor,0.6334211645038639,0.5961645379445518,5.016625011142057,8.193100561401476,5.689231439424976,14.043522346568743,19.167249517440794,0.3111215877532959,24.510697116851805,0.036514873504638674,0.014417753219604493
wine_quality,MCAR,0.5,ImputerEM,Ridge,0.6305312980076568,0.602448784792527,5.016625011142057,8.193100561401476,5.689231439424976,14.043522346568743,0.0037315845489501952,0.0005362319946289062,24.510697116851805,0.036514873504638674,0.014417753219604493
wine_quality,MCAR,0.5,ImputerEM,XGBRegressor,0.6700555433492265,0.6599557315414496,5.016625011142057,8.193100561401476,5.689231439424976,14.043522346568743,0.32500998497009276,0.004092073440551758,24.510697116851805,0.036514873504638674,0.014417753219604493
wine_quality,MCAR,0.5,ImputerKNN,HistGradientBoostingRegressor,0.6423106762393276,0.592236748844905,5.729050989926767,0.3956935554920984,4.865039394762091,0.45210215180853924,28.03207504272461,0.2615693759918213,0.006296806335449219,5.114035806655884,0.3372947883605957
wine_quality,MCAR,0.5,ImputerKNN,Ridge,0.6497726726969701,0.6063770293026536,5.729050989926767,0.3956935554920984,4.865039394762091,0.45210215180853924,0.0077323436737060545,0.0016732215881347656,0.006296806335449219,5.114035806655884,0.3372947883605957
wine_quality,MCAR,0.5,ImputerKNN,XGBRegressor,0.6802490553948682,0.6279482940696418,5.729050989926767,0.3956935554920984,4.865039394762091,0.45210215180853924,0.5574731063842774,0.005374908447265625,0.006296806335449219,5.114035806655884,0.3372947883605957
wine_quality,MCAR,0.5,ImputerMICE,HistGradientBoostingRegressor,0.6264972738834385,0.5875300589118644,4.333934308999975,0.10813729351198978,3.9628245915625673,0.44989845314839455,30.305840177536012,0.31912933349609374,374.4637125301361,331.83524869918824,306.68264194488523
wine_quality,MCAR,0.5,ImputerMICE,Ridge,0.6208765799293317,0.5881755113885708,4.333934308999975,0.10813729351198978,3.9628245915625673,0.44989845314839455,0.007373466491699219,0.0011485767364501952,374.4637125301361,331.83524869918824,306.68264194488523
wine_quality,MCAR,0.5,ImputerMICE,XGBRegressor,0.6650880010235858,0.6336734509102411,4.333934308999975,0.10813729351198978,3.9628245915625673,0.44989845314839455,0.6157521629333496,0.00651707649230957,374.4637125301361,331.83524869918824,306.68264194488523
wine_quality,MCAR,0.5,ImputerMedian,HistGradientBoostingRegressor,0.6340082572809821,0.5936018558365912,5.885981304282533,26.535020414291967,6.390084103599068,30.0956470377747,27.063704166412354,0.2509291172027588,0.021897649765014647,0.02431396484375,0.021426820755004884
wine_quality,MCAR,0.5,ImputerMedian,Ridge,0.6338634590433208,0.6222553385045234,5.885981304282533,26.535020414291967,6.390084103599068,30.0956470377747,0.007817211151123047,0.000956878662109375,0.021897649765014647,0.02431396484375,0.021426820755004884
wine_quality,MCAR,0.5,ImputerMedian,XGBRegressor,0.6628641301737335,0.6643449126327512,5.885981304282533,26.535020414291967,6.390084103599068,30.0956470377747,0.36834460258483886,0.006954755783081055,0.021897649765014647,0.02431396484375,0.021426820755004884
wine_quality,MCAR,0.5,ImputerRPCA,HistGradientBoostingRegressor,0.6373123102727231,0.5881190811901656,4.851941564090537,0.13470896729163556,4.882131703189333,0.497129712297425,10.38485710144043,0.08663843154907226,0.005940399169921875,319.2486769771576,44.465702018737794
wine_quality,MCAR,0.5,ImputerRPCA,Ridge,0.6427790810137711,0.5960753041501469,4.851941564090537,0.13470896729163556,4.882131703189333,0.497129712297425,0.006488971710205078,0.0012063312530517579,0.005940399169921875,319.2486769771576,44.465702018737794
wine_quality,MCAR,0.5,ImputerRPCA,XGBRegressor,0.6711356289647687,0.6269162070471278,4.851941564090537,0.13470896729163556,4.882131703189333,0.497129712297425,0.5425206470489502,0.005518674850463867,0.005940399169921875,319.2486769771576,44.465702018737794
wine_quality,MCAR,0.5,ImputerShuffle,HistGradientBoostingRegressor,0.6418667754047466,0.5965777448212743,8.229376223435587,0.038316083676138334,6.610671320652681,0.17943593282945833,38.70031661987305,0.15018047332763673,0.01541783332824707,0.09025689125061036,0.08451873779296876
wine_quality,MCAR,0.5,ImputerShuffle,Ridge,0.6576669244824533,0.6113115067952397,8.229376223435587,0.038316083676138334,6.610671320652681,0.17943593282945833,0.007018966674804688,0.0009032440185546875,0.01541783332824707,0.09025689125061036,0.08451873779296876
wine_quality,MCAR,0.5,ImputerShuffle,XGBRegressor,0.6794288142641789,0.6315434019288493,8.229376223435587,0.038316083676138334,6.610671320652681,0.17943593282945833,0.4498764991760254,0.006854820251464844,0.01541783332824707,0.09025689125061036,0.08451873779296876
wine_quality,MCAR,0.5,None,HistGradientBoostingRegressor,0.6324353848263867,0.5946133216261592,,,,,15.855760498046875,0.06952033996582031,,,
wine_quality,MCAR,0.5,None,Ridge,,,,,,,,,,,
wine_quality,MCAR,0.5,None,XGBRegressor,0.6657688039779438,0.6756837126800488,,,,,0.6637180805206299,0.01086019515991211,,,
wine_quality,MCAR,0.7,ImputerDiffusion,HistGradientBoostingRegressor,0.6623954924649784,0.6101164491822102,5.451471247777719,9.67067337330385,6.124828731522453,14.904454452336736,14.908131799697877,0.11735994338989258,8.841062698364258,22.603445949554445,7.258721704483032
wine_quality,MCAR,0.7,ImputerDiffusion,Ridge,0.6500534720076268,0.6292316240973438,5.451471247777719,9.67067337330385,6.124828731522453,14.904454452336736,0.007366580963134766,0.0009227943420410156,8.841062698364258,22.603445949554445,7.258721704483032
wine_quality,MCAR,0.7,ImputerDiffusion,XGBRegressor,0.7044177402267957,0.7107230244483885,5.451471247777719,9.67067337330385,6.124828731522453,14.904454452336736,0.6468461322784423,0.00598383903503418,8.841062698364258,22.603445949554445,7.258721704483032
wine_quality,MCAR,0.7,ImputerEM,HistGradientBoostingRegressor,0.6640215850018234,0.6229818281326136,5.602200378590629,15.072827257785727,6.228976931629586,20.66004386486035,21.507980270385744,0.19751931190490724,23.81816370010376,0.03486191749572754,0.013887252807617188
wine_quality,MCAR,0.7,ImputerEM,Ridge,0.650230755221356,0.6370873986625716,5.602200378590629,15.072827257785727,6.228976931629586,20.66004386486035,0.0035150337219238283,0.0005855178833007813,23.81816370010376,0.03486191749572754,0.013887252807617188
wine_quality,MCAR,0.7,ImputerEM,XGBRegressor,0.7036087308464744,0.7031784964669328,5.602200378590629,15.072827257785727,6.228976931629586,20.66004386486035,0.3286449909210205,0.003458452224731445,23.81816370010376,0.03486191749572754,0.013887252807617188
wine_quality,MCAR,0.7,ImputerKNN,HistGradientBoostingRegressor,0.6770483368496766,0.6149205469421827,5.7576331734034785,0.5227717168514217,5.065490294820079,0.45882893730813096,14.091775636672974,0.09417269706726074,0.007157325744628906,5.063780918121338,0.33909494400024415
wine_quality,MCAR,0.7,ImputerKNN,Ridge,0.6685514757628792,0.6135958413982795,5.7576331734034785,0.5227717168514217,5.065490294820079,0.45882893730813096,0.005092706680297852,0.0009403514862060547,0.007157325744628906,5.063780918121338,0.33909494400024415
wine_quality,MCAR,0.7,ImputerKNN,XGBRegressor,0.7305241836520914,0.6989383646369113,5.7576331734034785,0.5227717168514217,5.065490294820079,0.45882893730813096,0.5200453662872314,0.0058632373809814455,0.007157325744628906,5.063780918121338,0.33909494400024415
wine_quality,MCAR,0.7,ImputerMICE,HistGradientBoostingRegressor,0.664378853756919,0.602327133564885,5.595485349378719,0.08609132539860166,4.984390974873698,0.40505156060446323,11.348431520462036,0.18751182556152343,379.01739621162415,302.91330179214475,214.70031929969787
wine_quality,MCAR,0.7,ImputerMICE,Ridge,0.6523808971777896,0.6063452297658192,5.595485349378719,0.08609132539860166,4.984390974873698,0.40505156060446323,0.004726972579956055,0.0008917140960693359,379.01739621162415,302.91330179214475,214.70031929969787
wine_quality,MCAR,0.7,ImputerMICE,XGBRegressor,0.713361287165922,0.6717301946029589,5.595485349378719,0.08609132539860166,4.984390974873698,0.40505156060446323,0.5211883544921875,0.005741434097290039,379.01739621162415,302.91330179214475,214.70031929969787
wine_quality,MCAR,0.7,ImputerMedian,HistGradientBoostingRegressor,0.6605698814692939,0.613952319268599,5.902348381176613,26.15721138082891,6.363720325114884,29.54852097060083,25.787594108581544,0.19791425704956056,0.020544967651367187,0.026061277389526367,0.021594696044921875
wine_quality,MCAR,0.7,ImputerMedian,Ridge,0.6525410562355419,0.6429859351628265,5.902348381176613,26.15721138082891,6.363720325114884,29.54852097060083,0.006134786605834961,0.0005992984771728515,0.020544967651367187,0.026061277389526367,0.021594696044921875
wine_quality,MCAR,0.7,ImputerMedian,XGBRegressor,0.6844368918940873,0.7638026337161808,5.902348381176613,26.15721138082891,6.363720325114884,29.54852097060083,0.27259081840515137,0.007232789993286133,0.020544967651367187,0.026061277389526367,0.021594696044921875
wine_quality,MCAR,0.7,ImputerRPCA,HistGradientBoostingRegressor,0.6618564624724239,0.6003971548808756,5.028671682727972,0.10973766217466883,5.026212497099707,0.4177843495014909,23.049780826568604,0.16485851287841796,0.00480708122253418,294.86661083221435,35.09631581306458
wine_quality,MCAR,0.7,ImputerRPCA,Ridge,0.6578473249015575,0.6075920747115644,5.028671682727972,0.10973766217466883,5.026212497099707,0.4177843495014909,0.005060834884643555,0.0007236194610595703,0.00480708122253418,294.86661083221435,35.09631581306458
wine_quality,MCAR,0.7,ImputerRPCA,XGBRegressor,0.7062588336423324,0.6569924380526347,5.028671682727972,0.10973766217466883,5.026212497099707,0.4177843495014909,0.6493485069274902,0.007281475067138672,0.00480708122253418,294.86661083221435,35.09631581306458
wine_quality,MCAR,0.7,ImputerShuffle,HistGradientBoostingRegressor,0.667629970022034,0.6136484586550369,8.302535179697795,0.041555796455710656,6.690533986719947,0.1932129576342299,14.740437002182007,0.1803874683380127,0.01562786102294922,0.07887008666992187,0.08643107414245606
wine_quality,MCAR,0.7,ImputerShuffle,Ridge,0.6677569743239367,0.622302612884354,8.302535179697795,0.041555796455710656,6.690533986719947,0.1932129576342299,0.004744768142700195,0.0009020423889160156,0.01562786102294922,0.07887008666992187,0.08643107414245606
wine_quality,MCAR,0.7,ImputerShuffle,XGBRegressor,0.713255438848693,0.6602144431155423,8.302535179697795,0.041555796455710656,6.690533986719947,0.1932129576342299,0.42055119514465333,0.005923023223876953,0.01562786102294922,0.07887008666992187,0.08643107414245606
wine_quality,MCAR,0.7,None,HistGradientBoostingRegressor,0.6602594350919267,0.6176911237125882,,,,,33.24856819152832,0.105503511428833,,,
wine_quality,MCAR,0.7,None,Ridge,,,,,,,,,,,
wine_quality,MCAR,0.7,None,XGBRegressor,0.68513090922223,0.7490126035355474,,,,,0.5218112945556641,0.008925399780273437,,,
wine_quality,None,0.0,None,HistGradientBoostingRegressor,0.5720798237110374,0.5720798237110374,,,,,31.621108198165892,0.030419158935546874,,,
wine_quality,None,0.0,None,Ridge,0.5878009712186427,0.5878009712186427,,,,,0.0057354927062988285,0.00047516822814941406,,,
wine_quality,None,0.0,None,XGBRegressor,0.6067739011918192,0.6067739011918192,,,,,0.4127338886260986,0.006678628921508789,,,
